ArticleID,Keywords
34153941, joint coupling  reliability  segment coupling  vector coding.       
34153942, anterior cruciate ligament (ACL)  injury prevention  rehabilitation  strengthening.       
34153964, Administrative claims  Amyotrophic lateral sclerosis  Big data analytics  Clinical neurology  Future projections.       
34153968, Acute ischemic stroke  Clinical trial  Outcome  Thrombolysis.       
34153978, WIC  hearing screening  maternal factors  newborn  obesity.       
34153979, Cultural adaptation  Health disparities  Physical activity  Somali  Women’s health.       
34153980, ANCA  calcineurin inhibitors  lupus nephritis  rituximab  vasculitis.       
34153982, Dickkopf 3  albuminuria  chronic kidney disease  precision medicine  progression.       
34153983, ESRD  IgA nephropathy  glomerulonephritis  hypertension  proteinuria.       
34153984, 
34153985, 
34153986, Fabry disease  chaperone therapy  precision medicine  renal replacement therapy  ?-galactosidase A.       
34153989, Dilated cardiomyopathy  Genetics  Heart.       
34154038, Clinical clerkship  Distance education  Medical student  Undergraduate medical education.       
34159821, Merkel  carcinoma  immunotherapy  metastasis  pancreas.       
34159834, data cleaning  data fusion  medical information systems  proactive decision making  smart big data.       
34159907, biomineralization  cuticular epithelium  enamel  histogenesis.       
34159908, Nordic walking  diabetic polyneuropathy  physical activity  therapeutic dosed walking.       
34159909, Ischemic stroke  hemostasis system  motor activity  systematic thrombolytic therapy.       
34159910, COVID-19 pandemic  behavior  coping strategies  tolerance-intolerance of ambiguity.       
34159911, citrulline  doxorubicin  non-alcoholic steatohepatitis  oxidative stress.       
34159912, children  malignant tumors  periodontitis  polychemotherapy  stomatotoxicity.       
34159913, adverse childhood experiences  anti-terrorist operations  conflict tactics scales  psychiatric disorders.       
34159914, cellular and humoral immunity  herpetic stomatitis  laser.       
34159915, cytokines  gingivitis  gums  type I diabetes mellitus.       
34159916, bioceramics  calcium hydroxide  pulp capping  traumatic pulpitis.       
34159917, biological rhythm  chronotype  phlegmones.       
34159918, ECG  metabolic syndrome  newborns  prolonged QT-interval.       
34159919, antimicrobial resistance  bacterial pathogen  healthcare-associated infection  miscarriage  pregnancy loss  preterm birth  reproductive tract infection.       
34159920, children  face  neck  thermal burns.       
34159921, 
34159922, 
34159923, 
34159924, 
34159925, 
34159926, 
34159927, 
34159928, 
34159929, 
34159930, 
34159931, 
34159932, 
34159933, 
34159934, 
34159935, 
34159936, 
34159937, 
34159938, 
34159939, 
34159940, 
34159941, 
34159942, 
34159943, 
34159944, 
34159945, 
34159946, 
34159947, 
34159948, 
34159949, 
34159965, 
34159966, 
34159968, 
34159970, 
34159977, 
34159985, 
34160009, 
34160010, 
34160019, 
34160020, 
34160025, 
34160026, 
34160042, 
34160047, 
34160050, 
34160055, 
34160124, 
34160182, 
34160183, 
34160184, 
34160214, 
34160228, 
34160275, 
34160290, 
34160294, 
34160308, 
34160349, 
34160351, 
34165949, 
34165961, 
34165973, 
34165988, 
34166066, 
34166069, 
34166070, 
34166072, 
34166073, 
34166075, 
34166052, 
34166055, 
34166056, 
34166057, 
34166058, 
34166059, 
34166131, 
34166132, 
34166134, 
34166135, COVID-19  crisis management  epidemics  preparedness  trust.       
34166137, IL-6  anxiety  depression  mental stress  shift  the COVID-19.       
34166144, Chile  health financing  health systems  public opinion  survey.       
34166179, 
34166180, 
34166191, 
34166194, 
34166195, 
34166230, 
34166231, 
34166238, 
34166239, 
34166240, 
34166249, 
34166250, 
34166252, 
34166265, 
34166267, 
34166324, 
34166330, 
34166337, 
34166366, 
34166367, 
34166368, 
34166372, 
34166373, 
34166375, 
34166376, 
34166377, 
34166379, 
34166380, 
34166381, 
34166383, 
34166384, 
34166385, 
34166386, 
34166387, 
34166388, 
34166389, 
34173371, 
34173372, 
34173373, 
34173374, 
34173375, 
34173376, 
34173377, 
34173378, 
34173379, 
34173380, 
34178211, 
34178212, 
34178213, 
34178214, 
34178217, 
34178220, 
34178221, 
34178224, 
34178226, 
34178228, 
34178229, 
34178231, 
34178235, 
34173658, 
34173659, 
34173660, 
34173663, 
34182324, 
34182382, 
34182383, 
34182384, 
34182388, 
34182390, 
34182391, 
34182396, 
34182399, 
34182401, 
34182407, 
34182408, 
34182379, 
34182462, 
34182463, 
34182464, 
34182465, 
34182466, 
34182467, 
34182468, ABVD  Brentuximab Vedotin  Hodgkin Lymphoma  ductopenia  intrahepatic cholestasis  vanishing bile duct syndrome.       
34182469, PDOX  adenocarcinoma  carcinoembryonic-antigen-related cell adhesion  fluorescent antibodies  gastro – esophageal junction  patient-derived orthotopic xenograft.       
34182470, Dental pulp  adipose differentiation  osteogenic differentiation  serum-free culture  spheroid formation  stem cell.       
34182471, Cancer-related inflammation  IL-1?  IL-4  IL-6  TNF-?  pro-inflammatory cytokines  tumour immune escape.       
34182472, PDX  Primary osteosarcoma of the breast  nude mouse  patient-derived xenograft  rare cancer.       
34182473, CXCL1  IL-17A  IL-17F  IL-1?  IL-23  Psoriasis  TCR  air pouch  anti-CD3.       
34182474, Disseminated intravascular coagulation  endothelial nitric oxide synthase  inducible nitric oxide synthase  nitric oxide.       
34182475, Traditional Chinese medicine  Xihuang Wan  lung cancer  signaling pathway  syngeneic model  transcriptome.       
34182476, Glioblastoma  combination chemotherapy  olaparib  temozolomide.       
34182478, Bone substitute materials  biocompatibility  cytocompatibility  guided bone regeneration  guided tissue regeneration.       
34182479, 
34182481, 
34182482, 
34182483, 
34182484, 
34182485, 
34182486, 
34182487, 
34182488, 
34182489, 
34182490, 
34182491, 
34182492, 
34182493, 
34182494, 
34182495, 
34182496, 
34182497, 
34182498, 
34182499, 
34182500, 
34182501, 
34182502, 
34182503, 
34182504, 
34182505, 
34182506, 
34182507, 
34182508, 
34182509, 
34182511, 
34182512, 
34182513, 
34182514, 
34182515, 
34182516, 
34182517, 
34182518, 
34182519, 
34182520, 
34182521, 
34182522, 
34182523, 
34182524, 
34182525, 
34182526, 
34182527, 
34182528, 
34182529, 
34182530, 
34182531, 
34182532, 
34182533, 
34182534, 
34182535, 
34182536, 
34182541, 
34182542, 
34182543, 
34182544, 
34182547, 
34182549, 
34182552, 
34182555, 
34182559, 
34182566, Brain-derived neurotrophic factor  Interferon-? treatment  Interleukin-6  Multiple sclerosis  Neurodegenerative diseases.       
34182619, Augmented reality  Computer-assisted instruction  Digital technology  Patient simulation  Virtual reality.       
34193133, Barriers  Challenges  Ethiopia  Pastoralist  Somali  Tuberculosis.       
34193134, COVID-19  Child abuse  Coronavirus  Domestic violence and abuse  Intimate partner violence and abuse  Occupational health  Online  Pandemic  Working conditions  eHealth.       
34193137, Admission  Assessment  Residency  Selection  Specialist medical training  Surgery  Surgical education  Surgical training  Trainee.       
34193138, Grounded theory  HIV care  Men’s sexual health  Patient process evaluation  Qualitative interviews  Sexually transmitted infections  Syphilis.       
34193139, Adherence  CERT  Exercise rehabilitation  Scoping review  TKA  Total knee arthroplasty.       
34193140, ClinicalTrials.gov     .        Immune checkpoint inhibitor  Machine learning  Prediction model  Prognosis  ePRO  irAE.       
34193141, 
34193142, 
34193144, 
34193147, 
34193148, 
34193150, 
34193151, 
34193154, 
34193155, 
34193156, 
34193157, 
34193158, 
34193160, 
34193162, 
34193163, 
34193164, 
34193165, 
34193166, 
34193167, 
34193170, 
34193173, 
34193174, 
34193175, 
34193030, 
34193031, 
34193032, 
34193033, 
34193034, 
34193035, 
34193036, 
34193037, 
34193038, 
34193039, 
34193041, 
34193042, 
34193046, 
34193047, 
34193048, 
34193049, 
34193051, 
34193052, 
34193053, 
34193054, 
34193055, 
34193056, 
34193057, 
34193058, 
34193059, 
34193061, 
34193063, 
34193065, 
34193066, 
34193067, 
34193068, 
34193069, Function  Pathogenesis  Post-infectious irritable bowel syndrome  Subset  ?? T cells.       
34193070, 2019 novel coronavirus diseases (COVID-19)  Lifestyle restrictions  Lockdown  Social networks  Wellbeing.       
34193071, Case-control  Cutaneous  Leishmaniasis  Pakistan  Risk factors  Sand-fly  Vector-borne  Zoonosis.       
34193072, COVID-19  Gene amplification tests  PCR  SARS-CoV-2  Sanger sequencing  TaqPath combo kit  Xpert Xpress SARS-CoV-2 assay.       
34193073, 16S rRNA gene sequencing  Bacteroides dorei  Case report  Indigenous intestinal bacteria  Mass spectrometry  Microbiota  Mycotic aortic aneurysm.       
34193074, Balance  Body movement-controlled video games  Gait  Microsoft™ Xbox® 360 Kinect™  Mobility  Multiple object tracking  Useful field of view  Video games  Visual attention.       
34193075, Acculturation  Culture  General practice  Mental disorders  Primary care physicians  Qualitative research.       
34193076, Accessory pathway ablation outcome  Radiofrequency ablation  Wolff Parkinson White Syndrome.       
34193077, Elder abuse  Elder mistreatment  Harm reduction  Service providers  Thematic analysis.       
34193078, 
34193079, 
34193080, 
34193081, 
34193082, 
34193083, 
34193084, 
34193085, 
34193086, 
34193087, 
34193088, 
34193089, 
34193090, 
34193091, 
34193092, 
34193093, 
34193094, 
34193095, 
34193096, 
34193097, 
34193098, 
34193099, 
34192837, 
34192872, 
34192879, 
34192880, 
34192990, 
34193101, 
34193102, 
34193103, 
34193104, 
34193105, 
34193107, 
34193109, 
34193110, 
34193111, 
34193113, 
34193114, 
34193115, 
34193117, 
34193118, 
34193119, 
34193121, 
34193125, 
34193126, 
34193127, 
34210659, 
34210653, 
34210738, 
34210891, 
34210939, 
34210941, 
34210943, 
34210944, 
34210945, 
34210946, 
34210947, 
34210948, 
34210949, 
34210821, 
34210822, 
34210824, 
34218534, Dental care  community dentistry  dental health services  oral examination.       
34218535, Dental Public Health  Oral health inequalities  Paediatric extractions  Prevention.       
34218536, Articulation  Centric Relation Records  Digital Articulation  Occlusion  Precision  Virtual Articulation.       
34218537, Oral health  Silver diamine fluoride  caries  cariostatic  refugees.       
34223829, 
34223831, 
34223832, 
34223833, 
34223834, 
34223835, 
34223836, 
34223837, 
34223838, 
34223839, 
34223847, 
34223863, 
34223864, 
34223865, 
34223866, 
34223868, 
34218668, 
34218669, 
34218671, 
34218672, 
34218674, 
34218675, 
34218676, 
34218662, 
34223876, 
34223885, 
34223886, 
34223901, 
34223902, 
34223906, 
34223909, 
34223890, 
34223997, 
34232232, 
34232236, 
34232244, 
34232245, 
34232276, 
34232285, 
34232297, 
34232298, 
34232317, 
34232321, 
34237945, 
34237946, 
34237947, 
34237948, 
34237949, 
34237950, 
34237951, 
34232497, 
34238014, 
34238020, 
34238042, 
34238053, 
34238022, 
34238025, 
34238134, 
34238193, 
34243692, 
34243845, CASP critical appraisals checklist  Vaccinations  coronavirus  randomized control trial  reporting guidelines.       
34243884, Alcohol  Coffee  Meta-analyses  Obesity  Prevention  Risk factor  Smoking  Tinnitus.       
34243885, ClinicalTrials.gov     .        Electroencephalography  Latent-Growth Curve Modeling  Neurofeedback  Oscillation  Predictors  Resting-state  Subject-specific treatment.       
34243886, Gender  High-definition transcranial direct current stimulation (HD-tDCS)  Large cohort  Neuromodulation  Non-invasive brain stimulation  Tinnitus  Transcranial direct current stimulation (tDCS)  Treatment.       
34243887, Attention  Ecological momentary assessment (EMA)  Multiple-baseline  Single-case experimental design (SCED)  Tinnitus.       
34243888, Correlation  Mini-TQ  TYT  Tinnitus-related distress  VAS.       
34243889, Doctoral  Education  Interdisciplinary  Tinnitus  Training.       
34243890, Acoustic stimulation  Alpha  Amplitude modulation  Auditory  Gender  Notched music  Sex differences  Sound therapy  Tinnitus  Tinnitus treatment.       
34243891, Bilateral  Classification  Hearing loss  Laterality  Lateralization  Localization  Symmetric  Tinnitus  Unilateral.       
34243892, Cluster analysis  MML  Minimum masking levels  Subtyping  Tinnitus.       
34243893, 
34243901, 
34243909, 
34243910, 
34243911, 
34243912, 
34243964, 
34243965, 
34243988, 
34244006, 
34244008, 
34252390, 
34252391, 
34252392, 
34252402, 
34252415, 
34252416, 
34252417, 
34252418, 
34252524, 
34252525, 
34252527, 
34252528, 
34252541, 
34252542, 
34252538, 
34252618, Bovine milk  Donkey milk  Gene Ontology analysis  Metabolic pathway  Proteomics  Whey proteins.       
34252619, Authenticity  Making process  Storage  Sugarcane honey  Volatile profile.       
34252621, Animal tissues  Carbon nanotubes  Egg  Macrolides  Mass spectrometry  Ultra-high performance liquid chromatography.       
34252622, Coffee roasting  Industrial application  PLS  Roasting degree  Specialty coffee  Validation.       
34252623, Dissolution  Food storage  Hollow fiber flow field-flow fractionation  Inductively coupled plasma optical emission spectroscopy  Milk powder solutions  Zinc oxide nanoparticles.       
34252659, Chemical form  Functional genomics  Microbial communities  Pinecone-biochar.       
34252662, Chicken manure biochar  Community succession  Heavy metal resistant bacteria  Poultry manure.       
34252664, Bioaccessibility  Bioavailability  Gastrointestinal simulated model  Local food  Urinary cadmium.       
34252667, Arsenic  Functional gene  Landfill site  Microbial.       
34252676, Adsorption  Antimony  RGO aerogel  Reusability  Wastewater.       
34252677, Bioaugmentation  Biodegradation  Laccase  Manganese peroxidase  Triclosan.       
34252678, Aluminium Substituted Ferrihydrites  Arsenate Adsorption  Electron Diffraction  Ferrihydrites  Isomorphic substitution.       
34252679, Air sampling  Air-transmissible pathogenic viruses  Virus measurement.       
34252701, Autoimmune disease  Neuromyelitis optica spectrum disorder  Optic neuritis  Pain  Patient-reported outcomes  Quality of life.       
34252692, Caprolactam  Furfural  Levoglucosenone  Polyethylene  Recycling  Tetra Pak.       
34261498, Artificial intelligence  Gene regulatory network  Machine learning  Malaria  Plasmodium falciparum.       
34261499, Alcohol use disorder  Brief treatment  Outpatient treatment  Recovery management checkups  SBIRT  Screening  brief intervention  and referral to treatment  Substance use disorder.       
34261500, Epistemic racism  Indigenous health  Indigenous knowledge  Systemic racism.       
34261501, Bennett fracture  Closed reduction  First metacarpal base fracture  K-wire fixation  Rolando fracture.       
34261504, Open wedge high tibial osteotomy (OWHTO)  Osteoarthritis (OA)  Tibial condylar valgus osteotomy (TCVO).       
34261507, Ameloblastic fibroma  Ameloblastoma  OCT4  Odontogenic Keratocyst  SOX2.       
34261508, Behavior change  Care bundle  Formative research  Implementation  Intervention development  Maternal health  Maternal mortality  Obstetric hemorrhage  Postpartum hemorrhage.       
34261509, Accessory maxillary ostia  CBCT  Maxillary sinus  Mucosal thickening  Nasal cavity  Sinusitis.       
34261514, Distal radioulnar joint  Dynamic instability  Electromagnetic sensor system  Instability  TFCC injury  Triangular fibrocartilage complex injury.       
34261516, Case report  Ischemic stroke  Klüver–Bucy syndrome  Neurobehavioral symptoms  Stroke  Temporal lobe damage.       
34261520, 
34261522, 
34261523, 
34261525, 
34261527, 
34261530, 
34261532, 
34261534, 
34261535, 
34261538, 
34261541, 
34261547, 
34261619, 
34261627, 
34261631, 
34261632, 
34261633, 
34261635, 
34261636, 
34261638, 
34261639, 
34261665, 
34261667, 
34261676, 
34261677, 
34261678, 
34261679, 
34261680, 
34261682, 
34261683, 
34261684, 
34261685, 
34261686, 
34261687, 
34261688, 
34261689, 
34261690, 
34261691, 
34261692, 
34261693, 
34261694, 
34261741, 
34261742, 
34261743, 
34261744, 
34261745, 
34261602, 
34261788, 
34261799, 
34261800, 
34267257, 
34267261, 
34267262, 
34267263, 
34267265, 
34267266, 
34267267, 
34267269, 
34267270, 
34267273, 
34267276, 
34267278, 
34267279, 
34267281, 
34267285, 
34267288, 
34267289, 
34267293, 
34267295, 
34267298, 
34267301, 
34267302, 
34267304, 
34267305, 
34261820, 
34261836, 
34261848, 
34261850, 
34267310, 
34267311, 
34267313, 
34267314, 
34267315, 
34267316, 
34267317, 
34267318, 
34267321, 
34261783, 
34261784, 
34267327, 
34267509, 
34267510, 
34267511, 
34267513, 
34267515, 
34267518, 
34267519, 
34267520, 
34267742, 
34267743, 
34267745, 
34267746, 
34267747, 
34267748, 
34267751, 
34267757, 
34267764, 
34272216, 
34272217, 
34272218, 
34272219, 
34272220, 
34272221, 
34272222, 
34272223, 
34272224, 
34272225, 
34272226, 
34272232, 
34272354, 
34272362, 
34272364, 
34272365, 
34272366, 
34272367, 
34272368, 
34272370, 
34272373, 
34272374, 
34272376, 
34272378, 
34272380, 
34272381, 
34272383, 
34272384, 
34272385, 
34272388, 
34272393, 
34272394, 
34272395, 
34272396, 
34272399, 
34272403, 
34272404, 
34272405, 
34272407, 
34272409, 
34272411, 
34272413, 
34272414, 
34272416, 
34272419, 
34272422, 
34272423, 
34272424, 
34272429, 
34272430, 
34272434, 
34272435, 
34272436, 
34272437, 
34272440, 
34272441, 
34272445, 
34272446, 
34272447, 
34272449, 
34272450, 
34272452, 
34272453, 
34272455, 
34272458, 
34272460, 
34272461, 
34272464, 
34272465, 
34272466, 
34272468, 
34272480, 
34278399, 
34278410, 
34278414, 
34278415, 
34278422, 
34278423, 
34278430, 
34278431, 
34278432, 
34278433, 
34278434, 
34278529, 
34278534, 
34278535, 
34278536, 
34278537, 
34278541, 
34278561, 
34278562, 
34278564, 
34287130, 
34287192, 
34287193, 
34287194, 
34287195, 
34287196, 
34287197, 
34287198, 
34287199, 
34287200, 
34287201, 
34287202, 
34287203, 
34287204, 
34287209, 
34287210, 
34287214, 
34287216, 
34287238, 
34287261, 
34287280, 
34287293, 
34287294, 
34287307, 
34287310, 
34287325, 
34287510, 
34287511, 
34287512, 
34287515, 
34287516, 
34287525, 
34287526, 
34287527, 
34287528, 
34287529, 
34287530, 
34287531, 
34287532, 
34287533, 
34287534, 
34287573, 
34287574, 
34287575, 
34287576, 
34287577, 
34287578, 
34287579, 
34287580, 
34287581, 
34287582, 
34287584, 
34287607, 
34287608, 
34287609, 
34287453, 
34287454, 
34287455, 
34287456, 
34287457, 
34287458, 
34287459, 
34287460, 
34287461, 
34287462, 
34287463, 
34287464, 
34287465, 
34287466, 
34287476, 
34287477, 
34287478, 
34287479, 
34287480, 
34287481, 
34287482, 
34287503, 
34287505, 
34287506, 
34287274, 
34292160, 
34292164, 
34292165, 
34292166, 
34292170, 
34292171, 
34292226, 
34292227, 
34292228, 
34292229, 
34292245, 
34292249, 
34292183, 
34292213, 
34292320, 
34292322, 
34292323, 
34292324, 
34292325, 
34292326, 
34292405, 
34292407, 
34292411, 
34292412, 
34292417, Bicep femoris  Lipids  Pectoralis major  Red jungle fowl  Village chicken and broiler chickens.       
34292418, 
34298258, 
34298259, 5-time chair stand test  Case-finding  Handgrip strength  Older adults  Skeletal muscle mass.       
34298260, Dietary inflammatory index  Inflammation  Sarcopenia  hsCRP  men.       
34298269, COVID-19  Calcium channel blocker  Hypertension  Mortality  Severity.       
34298272, Bangladesh  COVID-19  Health awareness  Information  Social media.       
34298281, Breast cancer  Hydroxyapatite  Male breast cancer  Microcalcifications  Raman spectroscopy.       
34298284, Cattle-yak  Hybrid sterility  Meiosis  Rad51  Recombination  Yak.       
34298290, Acute ischemic stroke  Finite element analysis  INSIST  In silico  Stent-retriever.       
34298291, 
34298292, 
34298293, 
34298312, 
34298313, 
34298323, 
34298336, 
34298337, 
34298338, 
34298359, 
34298362, 
34298363, 
34298364, 
34298475, 
34298476, 
34298496, 
34298498, 
34298499, 
34298510, 
34298514, 
34298516, 
34298539, 
34298547, 
34298548, 
34298549, 
34298550, 
34310909, 
34310953, 
34310957, 
34310971, 
34310972, 
34311009, 
34311017, 
34311028, 
34311104, 
34311105, 
34311106, 
34311139, 
34311165, 
34311247, 
34315922, 
34315926, 
34315928, 
34315930, 
34315932, 
34315933, 
34315934, 
34315937, 
34315944, 
34315945, 
34315946, 
34315947, 
34315949, 
34315950, 
34315951, 
34315954, 
34315955, 
34315957, 
34315958, 
34315959, 
34315961, 
34315963, 
34315966, 
34315969, 
34315970, 
34315975, 
34315977, 
34315978, 
34315979, 
34315982, 
34315983, 
34315984, 
34315985, 
34315986, 
34315987, 
34315989, 
34315990, 
34315991, 
34315992, 
34315994, 
34311199, 
34311200, 
34311208, 
34311212, 
34311213, 
34316245, 
34316292, 
34316294, 
34316355, 
34316358, 
34316365, 
34322115, 
34322117, 
34322118, 
34322119, 
34322129, 
34322466, 
34322467, 
34322468, 
34322469, 
34322471, 
34322473, 
34322474, 
34311221, 
34311222, 
34316010, 
34316012, 
34316013, 
34316015, 
34324698, 
34324805, 
34324809, 
34324800, 
34324853, 
34324915, 
34324916, 
34324908, 
34324948, 
34324949, 
34324986, 
34324988, 
34324989, 
34324983, 
34332508, 
34332518, 
34332522, Cardiac arrest  Clinical registry  In-hospital  Pediatric cardiac arrest  Resuscitation.       
34332523, Brucella  Case report  Cerebral mycotic aneurysm  Subarachnoid hemorrhage.       
34332525, 
34332526, Bacteremia  Hematologic diseases  Hemorrhagic pneumonia  Mortality  Stenotrophomonas maltophilia.       
34332527, Carcinogenic effect  Esophageal squamous cell carcinoma  Gongylonema pulchrum  Gongylonemiasis  Parasites.       
34332528, Antibiotic resistance genes  Average nucleotide identity  Horizontal gene transfer  Plasmid  Plasmid epidemiology.       
34332529, Case report  Golimumab  Helicobacter pylori  Inflammatory bowel disease  Ulcerative colitis.       
34332530, Cardiovascular disease  Cohort study  Frailty  Framingham risk score.       
34332532, 
34332533, 
34332534, 
34332536, 
34332537, 
34332538, 
34332539, 
34332540, 
34332541, 
34332542, 
34332543, 
34332544, 
34332545, 
34332547, 
34332548, 
34332550, 
34332551, 
34332552, 
34332553, 
34332554, 
34332556, 
34332557, 
34332559, 
34332561, 
34332563, 
34332564, 
34332566, 
34332567, 
34332568, 
34332570, COVID-19  Decision aids  Vaccine.       
34332571, Care process  Disability  Multi-morbidity  Re-admission.       
34332572, Digital communication  Interactive consent  Qualitative research  Software tools  Tailored.       
34332573, Activity  Mental illness  Participation  Quality of life  Recovery  Vulnerability  Well-being  Work.       
34332574, BPIV3  BRD  BRSV  Bovine Parainfluenza  Bovine respiratory disease  Bovine respiratory syncytial virus  Review  Vaccines.       
34332578, Immune cell infiltration  Immunotherapy  Pancreatic adenocarcinoma  Prognostic  m6A RNA methylation modulators  m6Ascore.       
34332580, DNA-methyltransferase 3?  Decitabine  Pralatrexate  Resistance.       
34332581, Adaptation  Adaptive capacity  Innovation  Quality in healthcare  Resilience in healthcare.       
34332582, Absent  Anomalous  Cardiac  Dextrocardia  Embryology  Pericardium  Pulmonary  Return  Surgery  Vein.       
34332583, Epidemiological survey  Health insurance enrollment  Rural China  Vision health.       
34332585, Bivariate binary logistic regression  Composite index anthropometric failure  Ethiopia  Household wealth index  Under five children..       
34332586, Fibroblast  Gastric cancer  Immunosuppressive  Prognostic  Subtype.       
34332587, Bibliometric  Emerging trends  Gastrointestinal microbiome  Human  Research focus  Scopus  Visualized study.       
34332588, Cystic fibrosis  Disparities  Health outcomes  Rare disease.       
34332592, Inpatient rehabilitation  Psychometric properties  Quality of life  Short-form Stroke Impact Scale  Stroke.       
34332595, Center of mass  Center of pressure  Dynamic balancing response  Ground reaction force  In-stance strategy  Perturbed walking  Stepping strategy  Unilateral transtibial amputation.       
34332598, Prognosis  Rosai–Dorfman disease  Surgery  Thymus.       
34332599, Adipocyte enhancer binding protein 1  Diabetic kidney disease  Gene expression profiling  Plasma-derived extracellular vesicles.       
34332601, 
34332603, 
34332605, 
34332609, 
34332613, 
34332615, 
34332616, 
34332617, 
34332620, 
34332622, 
34332623, 
34332626, 
34332628, 
34332629, 
34332630, 
34332632, 
34332635, 
34332660, 
34332661, 
34332662, 
34332663, 
34332664, 
34332665, 
34332638, 
34332640, 
34332642, 
34332643, 
34332652, 
34332501, 
34332504, 
34332783, 
34338337, 
34338410, 
34338452, 
34338472, 
34338473, 
34338474, 
34338475, 
34338476, 
34338477, 
34338479, 
34338502, 
34338504, 
34338513, 
34338518, 
34338542, 
34338543, 
34338544, 
34338545, 
34338549, 
34338663, 
34338664, 
34338665, 
34338666, 
34338667, 
34338668, 
34338669, 
34338670, 
34338671, 
34338672, 
34338673, 
34338674, 
34338675, 
34338676, 
34338677, 
34338678, 
34338679, 
34338680, 
34338681, 
34338682, 
34338699, 
34338617, 
34345168, 
34345170, 
34345172, 
34345206, 
34345219, 
34345228, cancer  cardiovascular diseases  chronic diseases  chronic respiratory diseases  diabetes  personal health record.       
34349753, hypoxia  immune response  immune-escape  somatic copy number alterations  tumor immune microenvironment.       
34349755, allograft rejection  hepatocellular carcinoma  liver transplant  neoadjuvant immunotherapy  programmed cell death 1 (PD-1) inhibitor.       
34349756, COVID-19  SARS-CoV-2  T-cells  cellular immunity  human leukocyte antigens.       
34349807, 
34349850, 
34350061, CTLA-4 inhibitor  Immune checkpoint inhibitors  PD-1/PD-L1 inhibitor  immunotherapy  overall survival  progression-free survival  proton pump inhibitor.       
34351858, 
34351859, 
34351870, 
34351884, 
34351888, 
34351892, 
34351913, 
34351914, 
34351915, 
34351916, 
34351917, 
34351918, 
34351919, 
34351920, 
34351921, 
34351922, 
34351924, 
34351925, 
34351926, 
34351927, 
34351928, 
34351929, 
34351930, 
34351931, 
34351932, 
34351933, 
34351934, 
34351935, 
34351936, 
34351937, 
34351938, 
34351939, 
34351940, 
34351941, 
34351942, 
34351943, 
34351944, 
34351945, 
34351946, 
34351947, 
34351948, 
34351949, 
34351950, 
34351951, 
34351952, 
34351953, 
34351954, 
34351955, 
34351956, 
34351957, 
34351958, 
34351959, 
34351960, 
34351961, 
34351962, 
34351963, 
34351964, 
34351966, 
34351967, 
34351968, 
34351969, 
34351970, 
34351971, 
34351972, 
34351973, 
34351974, 
34351975, 
34351978, 
34351980, 
34351981, 
34351983, 
34351984, 
34351985, 
34351987, 
34351988, 
34351990, 
34351991, 
34351992, 
34351994, 
34351996, 
34351998, 
34352001, 
34352002, 
34352008, 
34352012, 
34352013, 
34352016, 
34352033, 
34361543, 
34361546, 
34361551, 
34361554, 
34361556, 
34361561, 
34361562, 
34361564, 
34361572, 
34361575, 
34361577, 
34361579, 
34361586, 
34361589, 
34361598, 
34361602, 
34361607, 
34361610, 
34361615, 
34361616, 
34361624, 
34361634, 
34361636, 
34361639, 
34361640, 
34361642, 
34361644, 
34361653, 
34361654, 
34361657, 
34361660, 
34361663, 
34361671, 
34361673, 
34361675, 
34361678, 
34361679, 
34361682, 
34361685, 
34361688, 
34361690, 
34361694, 
34361703, 
34361707, 
34361715, 
34361717, 
34361718, 
34361720, 
34361723, 
34361725, 
34361727, 
34361731, 
34361733, 
34361735, 
34361740, 
34361743, 
34361748, 
34361753, 
34361755, 
34361757, 
34361761, 
34361762, 
34361765, 
34361770, 
34361774, 
34361778, 
34361780, 
34361782, 
34351911, 
34352103, 
34352160, 
34366221, end-to-end  grafting  neurolysis  neurorrhaphy.       
34366295, Algorithm  Algoritmo  Debilidad adquirida en la UCI  Early mobilisation  Intensive care unit  Movilizaci?n temprana  Unidad de cuidados intensivos  Weakness acquired in the ICU.       
34366299, Post-SSRI sexual dysfunction  adverse effects  drug side effects  selective serotonin reuptake inhibitors  sexual dysfunction.       
34366300, Botulinum toxin A  efficacy  evidence  safety  spasticity.       
34366306, M-health  cardiometabolic risk  cognition  musculoskeletal discomfort  office workers  physical activity  work productivity  worksite education.       
34366307, Coffee consumption  psychological wellbeing  workers.       
34366308, 
34366309, 
34366310, 
34366311, 
34366312, 
34366313, 
34366330, 
34366334, 
34366365, 
34366384, 
34366287, 
34366422, 
34366604, 
34366605, 
34366606, 
34366607, 
34366608, 
34366609, 
34366610, 
34366611, 
34366613, 
34366614, 
34374095, 
34374138, 
34374184, 
34374286, 
34374283, 
34374332, 
34374406, 
34374411, 
34374412, 
34374421, 
34380310, 
34380316, 
34380319, 
34380600, 
34386894, 
34386988, 
34387025, 
34387051, 
34387054, 
34387072, 
34387074, 
34387077, 
34387090, 
34387094, 
34387096, 
34387116, 
34387119, 
34387124, 
34387125, 
34387101, 
34387130, 
34387132, Medicare  healthcare policy  inpatient rehabilitation facility  intracerebral hemorrhage  outcome  rehabilitation  skilled nursing facility.       
34387191, PLIN  cell biology  developmental biology  lipid droplet  perilipin  zebrafish.       
34387213, 
34387219, 
34387233, 
34387235, 
34387236, 
34393134, 
34393135, 
34393136, 
34393137, 
34393154, 
34393155, 
34393156, 
34393076, 
34393192, 
34393217, 
34393218, 
34398669, 
34398754, 
34398755, 
34398757, 
34398758, 
34398759, 
34398791, 
34398796, 
34398800, 
34398801, 
34398818, 
34398827, 
34398828, 
34398829, 
34398869, 
34398871, 
34398875, 
34398876, 
34398877, 
34398878, 
34398879, 
34398887, 
34398893, 
34398896, 
34398898, 
34398899, 
34398900, 
34398916, 
34398952, 
34398953, 
34398954, 
34398955, 
34398956, 
34398957, 
34398958, 
34398965, 
34398971, 
34398972, 
34398974, 
34398938, 
34403844, 
34403846, 
34403859, 
34403867, 
34403913, 
34403916, 
34403918, 
34403921, 
34403922, 
34403943, 
34403948, 
34403950, 
34403954, Carotid artery stenting  Carotid endarterectomy  Carotid occlusive disease  Mechanical thrombectomy  Nationwide readmissions database.       
34403995, Astringency  Keemun black tea  P-coumaroylquinic acids  Threshold concentration  Turbidity.       
34403997, Adsorption  Biological activities  Desorption  Jujube peel flavonoids  Macroporous resin  Ultrasound.       
34403998, Function  Gel strength  Molecular characteristics  Pickering emulsion  Silver carp fin gelatin.       
34403999, Antimicrobial activity  Fish spoilage bacteria  Food-borne pathogens  Laurel essential oil  Nanoemulsion.       
34404001, 
34404002, Allergen release  Allergenicity  High hydrostatic pressure  Intermolecular forces  Wheat gluten.       
34404003, Acrylamide  Chemometric data analysis  Kurtosis minimization  Mineral characterization  Non-centrifugal cane sugar  Unrefined sugar composition.       
34404016, 
34404017, 
34404035, 
34404043, 
34404111, 
34404215, 
34404216, 
34404217, 
34404218, 
34404219, 
34404220, 
34404221, 
34404222, 
34404256, 
34404266, 
34404267, 
34404205, 
34410833, 
34410936, 
34410937, 
34410938, 
34410939, 
34410940, 
34410942, 
34410943, 
34410944, 
34410945, 
34410946, 
34410947, 
34410948, 
34410950, 
34410951, 
34410953, 
34410954, 
34410956, 
34410957, 
34410958, 
34410959, 
34410960, 
34410962, 
34410963, 
34410964, 
34410965, 
34410966, 
34410967, 
34410968, 
34410969, 
34410970, 
34410971, 
34410972, 
34410973, 
34410974, 
34410975, 
34410976, 
34410977, 
34410978, 
34410979, 
34410980, 
34410981, 
34410982, 
34410983, Breast cancer  chemotherapy  immune cells  lymphocytes  radiotherapy.       
34410984, Prostate cancer  lymphocele  pelvic drain  pelvic lymph node dissection  robot-assisted radical prostatectomy.       
34410985, Nasopharyngeal carcinoma  claim data  mental disorder  quality of life  radiation therapy.       
34410986, Biliary tract cancer  chemotherapy  sarcopenia.       
34410987, Gastric cancer  complications  elderly patients  gastrectomy.       
34410988, COVID-19  S100b levels  pneumonia.       
34410989, Advanced gastric cancer  conversion treatment  second line treatment  unresectable metastases.       
34410990, Rectal cancer  anal fistula  recurrence.       
34410991, 
34410992, 
34410993, 
34410994, 
34410995, 
34410996, 
34410997, 
34410998, 
34411000, 
34410836, 
34410889, 
34410906, 
34411035, 
34410924, 
34410925, 
34410926, 
34411047, 
34411107, 
34411108, 
34411109, 
34411110, 
34411111, 
34411112, 
34411113, 
34411114, 
34411115, 
34411116, 
34411117, 
34411118, 
34411119, 
34411120, 
34411122, 
34411123, 
34411124, 
34411127, 
34411128, 
34411130, 
34411131, 
34411132, 
34411133, 
34411135, 
34411136, 
34411137, 
34411138, 
34411142, 
34411144, 
34411145, 
34411149, 
34421026, 
34421027, 
34421028, 
34421029, 
34421030, 
34421031, 
34421032, 
34421033, 
34421034, 
34421035, 
34421036, 
34421037, 
34421038, 
34421039, 
34421040, 
34421041, 
34421042, 
34421043, 
34421044, 
34421045, 
34421046, 
34421047, 
34421048, 
34421049, 
34421050, 
34421051, 
34421052, 
34421062, 
34411054, 
34411015, 
34411074, 
34411075, 
34411078, 
34411098, 
34421095, 
34421115, 
34421298, 
34424511, 
34424512, 
34424513, 
34424514, 
34424515, 
34424516, 
34424518, 
34424520, 
34424521, 
34424522, 
34424523, 
34424524, 
34424525, 
34424526, 
34424527, 
34424546, 
34424579, 
34411104, 
34424616, 
34424749, 
34424753, 
34424783, 
34424792, 
34424840, 
34424841, 
34424842, 
34424865, 
34424891, 
34424897, 
34424899, 
34424900, 
34424902, 
34424911, 
34424913, 
34424918, 
34424929, 
34424932, 
34424933, 
34432394, ProTaper Next  WaveOne  deciduous molars  reciprocating system  rotary system.       
34432402, 
34432403, 
34432408, 
34432415, aggregation-induced emission  fluorescent probes  mitochondrial imaging  photodynamic therapy  sulfur-substituted coumarin.       
34432419, 
34432430, 
34432508, 
34432509, 
34432444, 
34432555, 
34432557, 
34432560, 
34432565, 
34432602, 
34432609, 
34432643, 
34432645, 
34432651, 
34432673, 
34432674, 
34432727, 
34432730, 
34432770, 
34432771, 
34432788, 
34432791, 
34432792, 
34432793, 
34432797, 
34432798, 
34432799, 
34432806, 
34432807, 
34432808, 
34432809, 
34432810, 
34432812, 
34432813, 
34432814, 
34432816, 
34432817, 
34432818, 
34432819, 
34432821, 
34432804, 
34448341, 
34448388, 
34448424, 
34448451, 
34448455, 
34448481, 
34448482, 
34448483, 
34448485, 
34448486, 
34448487, 
34452605, 
34452606, 
34452607, 
34452608, 
34452609, 
34452610, 
34452611, 
34452612, 
34452616, 
34452619, 
34452624, 
34452631, 
34452632, 
34452634, 
34452635, 
34452637, 
34452641, 
34452643, 
34452644, 
34452647, 
34452684, 
34452685, 
34452686, 
34452687, 
34452688, 
34452689, 
34452690, 
34452691, 
34452692, 
34452693, Bisphenol  Diabetes  Endocrine disruptor  Endocrine-disrupting chemical  Glucose  Insulin  Pesticide  Phthalate  Pollution  Polychlorinated biphenyl.       
34452694, Adipogenesis  Adipose tissue  Emerging obesogens  Endocrine disrupting chemicals  Food additives.       
34452695, Aluminum  Bisphenol A  Breast cancer  Endocrine disruptor  Estrogen receptor  Hallmarks  MCF-7 cells  Metastasis  Organochlorine  Parabens  Personal care products  Pesticides  Phthalates  Triclosan  UV filters.       
34452696, Endocrine disrupting chemicals (EDCs)  Prostate cancer  Testicular cancer.       
34452697, BPA  Behavior  DNA methylation  Endocrine-disrupting chemicals (EDCs)  Epigenetics  Histones  Hypothalamus  PCBs  Sexual differentiation.       
34448557, 
34448560, 
34448569, BDNF  Tetrahydropalmatine  TrkB  calmodulin  methamphetamine  neurotoxicity.       
34452773, Intravenous immunoglobulin therapy  Kawasaki disease  Measles vaccine  Mumps vaccine  Rubella vaccine  Varicella vaccine.       
34452774, 
34452775, 
34452840, 
34452956, 
34452957, 
34452958, 
34452959, 
34452960, 
34452961, 
34452962, 
34452963, 
34452964, 
34452965, 
34452966, 
34452967, 
34452968, 
34452969, 
34452970, 
34452971, 
34452972, 
34460939, 
34460988, 
34461016, 
34461020, 
34461040, 
34461048, 
34461069, 
34461104, 
34461106, 
34461108, 
34461161, 
34461162, 
34461169, 
34461170, 
34461171, 
34461196, 
34461197, 
34469638, 
34469639, 
34469666, 
34469668, 
34469672, 
34469674, 
34469675, 
34469684, 
34469689, 
34469751, 
34469752, 
34469763, 
34469765, 
34469767, 
34469854, 
34469885, 
34469893, 
34469901, 
34469902, 
34469923, 
34469936, 
34470050, 
34470052, 
34470046, 
34470047, 
34470078, 
34477357, 
34477465, 
34477509, 
34477583, 
34477584, 
34477585, 
34477586, 
34477587, 
34477588, 
34477596, 
34477597, 
34477598, 
34477714, 
34477718, 
34477721, 
34477726, 
34477730, 
34477734, 
34477735, 
34477739, 
34477741, 
34477743, 
34477746, 
34477752, 
34477753, 
34477756, 
34477758, 
34477769, 
34477775, 
34477780, 
34477784, 
34477789, 
34477795, 
34477799, 
34477635, 
34477641, 
34477649, 
34477650, 
34477654, 
34477658, 
34477665, 
34477666, 
34477364, 
34477377, 
34477813, 
34477814, 
34477815, 
34477816, 
34477817, 
34477818, 
34477819, 
34481920, 
34481999, 
34482000, 
34481937, 
34497428, 
34497430, 
34497431, 
34497432, 
34497433, 
34497434, 
34497435, 
34497436, 
34497437, 
34497438, Clinical trials  Crohn’s disease  Disease activity  Patient reported outcome measurement  Pediatric  Pediatric Crohn’s disease activity index.       
34497439, Cardiovascular risk  Carotid plaques  Endothelial dysfunction  Hepatitis B virus  Intima-media thickness  Subclinical atherosclerosis.       
34497440, Endoscopic imaging  Endoscopic mucosal resection  Endoscopic submucosal dissection  Endoscopy  Gastric cancer.       
34497442, Genomic  Metabolomic  Pancreatic ductal adenocarcinoma  Pancreatic adenocarcinoma  Proteomic.       
34497443, Chemotherapy  Hepatitis C virus  Hepatitis flare  Reactivation  Screening.       
34497444, Anastomosis  Anastomotic leak  Enhanced reality  Fluorescence  Ureter.       
34497445, Deglutition  Deglutition disorders  Esophageal motility disorders  Esophagitis  Gastroesophageal reflux  Systemic sclerosis.       
34497446, 
34497447, 
34497449, 
34497450, 
34497451, 
34497479, 
34497481, 
34497637, 
34497638, 
34497639, 
34497640, 
34497668, 
34497679, 
34497680, 
34497706, 
34482182, 
34503322, 
34503324, 
34503325, 
34506485, 
34506486, 
34506487, 
34506488, 
34506489, 
34506490, 
34506491, 
34506492, 
34506493, 
34506494, 
34506496, 
34506497, 
34506498, 
34506500, 
34506501, 
34506502, 
34506503, 
34506504, 
34506505, 
34506506, 
34506507, 
34506508, 
34506509, 
34506510, 
34506511, 
34506512, 
34506513, 
34506514, 
34506515, 
34506516, 
34506517, 
34506518, 
34506519, 
34506520, 
34506521, 
34506522, 
34506523, 
34506524, 
34506525, 
34506526, 
34506527, 
34506528, 
34506529, 
34506530, 
34506531, 
34506532, 
34506533, 
34506534, 
34506535, 
34506536, 
34506537, 
34506538, 
34506539, 
34506540, 
34506541, 
34506542, 
34506543, 
34506545, 
34506546, 
34506547, 
34506548, 
34506549, 
34506550, 
34506551, 
34506552, 
34506553, 
34506554, 
34506555, 
34506556, 
34506557, 
34506558, 
34506559, 
34506560, 
34506561, 
34506562, 
34506563, 
34506564, 
34506565, 
34506566, 
34506567, 
34506568, 
34506569, 
34506570, 
34506571, 
34506572, 
34506573, 
34506575, 
34506576, 
34506578, 
34506579, 
34506581, 
34506583, 
34506584, 
34506587, 
34506590, 
34506597, 
34506603, 
34506466, 
34506467, 
34506468, 
34506469, 
34506470, 
34506471, 
34506472, 
34506473, 
34506474, 
34506475, 
34506476, 
34506608, 
34506614, 
34506623, biological replicates  environmental factors  geographical region  oligophagous aphids  symbiont community.       
34506628, MACE  all-cause mortality  myocardial infarction  triglyceride-glucose index.       
34506757, Apoptosis  Endometrial cancer  FoxO1  Proliferation  SMC4.       
34506758, Proline catabolism  Proline dehydrogenase  Proline utilization A  Protein tunnels  X-ray crystallography.       
34506759, EP300/CBP  Focal segmental glomerulosclerosis  Notch3  Podocyte  cAMP-PKA.       
34506760, Connexin43  Connexins  EMT  Endothelial-mesenchymal transition  Epithelial-mesenchymal transition  Eye diseases  Gap junctions  Hemichannels  TGF-?.       
34506772, 
34506773, 
34506775, 
34511063, 
34511064, 
34511075, 
34511080, 
34511081, 
34511082, 
34511083, 
34506717, 
34511085, 
34511088, 
34511089, 
34511092, 
34511104, 
34511108, 
34511111, 
34511115, 
34511119, 
34511131, 
34511132, 
34511135, 
34511321, 
34520794, 
34520795, 
34520796, 
34511289, 
34511290, 
34511291, 
34520823, 
34520889, 
34520896, 
34520909, 
34520911, 
34520912, 
34520913, 
34520914, 
34520915, 
34520916, 
34520918, 
34520920, 
34520921, 
34520923, 
34520926, 
34520927, 
34520928, 
34520946, Anthropogenic noise  Decapods  Diel activity  Exploration behavior  Noise pollution.       
34520947, Freshwater  Macroinvertebrates  Mesocosms  Multiple stressors  Pesticides  Sulfoxaflor.       
34520951, Agriculture film  Carbendazim  Carbofuran  Density functional theory  Dissolved organic matter.       
34520973, Amino acid  Antioxidant activity  Bioactive compound  Functionality  Golden oyster mushroom  Lovastatin.       
34520974, Black currant  Metschnikowia fructicola  Metschnikowia pulcherrima  Saccharomyces  Torulaspora delbrueckii  odour  volatile composition.       
34520975, Bioactive metabolites  Dekkera  Functional microbiota  Koumiss  Lactobacillus  Mare’s Milk.       
34521001, Ecosystem services  Gradient  Landscape services  Rural landscape  Sustainable rural development  Trade-off and synergy.       
34521002, Land sparing  Land use  Meta-analysis  Resource use  Shrimp farming  Sustainability.       
34521004, Agri-food sludge  Compost  EEM  PARAFAC  Thermogravimetry.       
34521006, Biodiversity  Ecological succession  Insects  Management  Phragmites australis  Ramsar.       
34521008, Dynamic panel model  Government corruption  Market segmentation  Renewable energy technology innovation.       
34521009, 
34521011, 
34528888, 
34528889, 
34528890, 
34528891, 
34528895, 
34528896, 
34528897, 
34528901, 
34528902, 
34528903, 
34528904, 
34528905, 
34528906, 
34528907, 
34528908, 
34528909, 
34528910, 
34521088, 
34521104, 
34521110, 
34521116, 
34528946, 
34528949, 
34528951, 
34528953, 
34528964, 
34528967, 
34528993, 
34529024, 
34529043, 
34529143, 
34529148, 
34529161, 
34535580, 
34535585, 
34535600, 
34535623, 
34535625, 
34535631, 
34535637, 
34535641, 
34535643, 
34535644, 
34535646, 
34535649, 
34535650, 
34535651, 
34535653, 
34535655, 
34535656, 
34535658, 
34535659, 
34535661, 
34535662, 
34535663, 
34535666, 
34535675, 
34535684, 
34535687, 
34535689, 
34535690, 
34535691, 
34535692, 
34535693, 
34535694, 
34535695, 
34535697, 
34535699, 
34535701, 
34535702, 
34535703, 
34535704, 
34535705, 
34535706, 
34535707, 
34535708, 
34535711, 
34535713, 
34535716, 
34535718, 
34535719, 
34535720, 
34535721, 
34535722, 
34535723, 
34535725, 
34535726, 
34535727, 
34535729, 
34535730, 
34535731, 
34535732, 
34535733, 
34535735, 
34535738, 
34535743, 
34535746, 
34535748, 
34529190, 
34535525, 
34535526, 
34535527, 
34535529, 
34535530, 
34535531, 
34535533, 
34535535, 
34535536, 
34529291, 
34535850, 
34535824, 
34535825, 
34535837, 
34545279, 
34545281, 
34545283, 
34545284, 
34545326, 
34545328, 
34545329, 
34545330, 
34545384, 
34545400, 
34545401, 
34545403, 
34545404, 
34545424, 
34545434, 
34545436, 
34545452, 
34545453, 
34545480, 
34545509, 
34548106, 
34548108, 
34548109, 
34548110, 
34548111, 
34548112, 
34548292, 
34548294, 
34548295, 
34548296, 
34548297, 
34548298, 
34548300, 
34548301, 
34548302, 
34548303, 
34548305, 
34548312, 
34548331, 
34548341, 
34548342, diabetes  education & training (see medical education & training)  self management  sleep medicine.       
34548343, adult orthopaedics  hip  infection control  knee.       
34548344, epidemiology  mental health  public health.       
34548345, health policy  medical education & training  palliative care  public health.       
34548346, accident & emergency medicine  health services administration & management  qualitative research.       
34548347, adult intensive & critical care  neurosurgery  statistics & research methods  stroke.       
34548348, HIV and AIDS  international health services  public health.       
34548349, 
34548350, 
34548351, 
34548352, 
34548353, 
34548354, 
34548355, 
34548356, 
34548357, 
34548358, 
34548359, 
34548360, 
34548361, 
34548362, 
34548363, 
34548364, 
34548365, 
34548366, 
34548367, 
34548368, 
34548369, 
34548370, 
34548371, 
34548372, 
34548373, 
34556025, 
34556026, 
34556027, 
34556028, 
34556029, 
34556030, 
34556034, 
34556035, 
34556037, 
34556038, 
34556040, 
34556041, 
34556042, 
34556043, 
34556045, 
34556046, 
34556047, 
34556048, 
34556053, 
34556054, 
34556056, 
34556058, 
34556059, 
34556060, 
34556062, 
34556063, 
34556064, 
34556065, 
34556067, 
34556068, 
34556070, 
34556071, 
34556072, 
34556073, 
34556075, 
34556076, 
34556078, 
34556079, 
34556080, 
34556081, 
34556082, 
34556084, 
34556085, 
34556086, 
34556087, 
34556088, 
34556089, Alzheimer disease  Chronic periodontitis  Differentially expressed genes  Signaling pathway.       
34556092, ADHD  Birth weight  Cohort study  Hyperactivity  Inattention  Polygenic risk.       
34556093, ERK1/2  Fibrosis  Ligamentum Flavum hypertrophy  Phosphodiesterase  Rolipram  TGF-?1.       
34556097, Caries filling ratio  Children  China  DMFT  Permanent teeth  Prevalence.       
34556098, Documentation  Human-centred design  Inpatient  Newborn  Nursing care.       
34556099, Adolescent girls  Biomedical HIV prevention research  Ethics  Stakeholder engagement  Uganda.       
34556100, Surgery  cancer  endoscopic surgery  transitional cell carcinoma  urethra.       
34556103, Depression  Menopause  Oral health  Osteoporosis  Periodontitis  Questionnaire.       
34556104, 
34556105, 
34556107, 
34556111, 
34556112, 
34556116, 
34556118, 
34556119, 
34556120, 
34556121, 
34556125, 
34556129, 
34556130, 
34556132, 
34556133, 
34556135, 
34556139, 
34556140, 
34556143, 
34556146, 
34556148, 
34556153, 
34556154, 
34556156, 
34556158, 
34556160, 
34556161, 
34556163, 
34556166, 
34556167, 
34556169, 
34556170, 
34556171, 
34556172, 
34556179, 
34556183, 
34556184, 
34556185, 
34548121, 
34548419, 
34548426, 
34548427, 
34548428, 
34548429, 
34548430, 
34548431, 
34548432, 
34548433, 
34548434, 
34548435, 
34548436, 
34548467, 
34548479, 
34548480, 
34548483, 
34548486, 
34548488, 
34548489, 
34548490, 
34548494, 
34548496, 
34555853, 
34548288, 
34555904, 
34548396, 
34563743, 
34563844, 
34563845, 
34563849, 
34563850, 
34563852, 
34563883, 
34563918, 
34563919, 
34563928, 
34563930, 
34584598, 
34584599, 
34584600, 
34584604, 
34584605, 
34584606, 
34584608, 
34584609, 
34584610, 
34595565, 
34563887, 
34563888, 
34563892, 
34563893, 
34595578, 
34595617, 
34595784, 
34595790, 
34595887, 
34595888, 
34595889, 
34595890, 
34595891, 
34595892, 
34595893, 
34595894, 
34595911, 
34595912, 
34595913, 
34595915, 
34595926, 
34595937, 
34595964, 
34596001, 
34601018, 
34601267, 
34601268, 
34607351, 
34607401, 
34607403, 
34607404, 
34607333, 
34607643, 
34607644, 
34613712, 
34613714, 
34613716, Legacy nitrogen  TMDL compliance  cost  denitrifying bioreactor  nonpoint  regulatory compliance.       
34613740, G protein-coupled receptor  metadynamics  non-caloric sweetener  sweet taste receptor  synergy.       
34613799, SARS-CoV-2  adverse reaction  antibody  assay  titer  vaccine.       
34613959, 
34613962, 
34613963, 
34613964, 
34613965, 
34613966, 
34613969, 
34613973, 
34613975, 
34613976, 
34613977, 
34613978, 
34613980, 
34613981, 
34613982, 
34613983, 
34613984, 
34613985, 
34613987, 
34613988, 
34613989, 
34613990, 
34613991, 
34613992, 
34613994, 
34613995, 
34613996, 
34613997, 
34613998, 
34613999, 
34614000, 
34614001, 
34614002, 
34614003, 
34614004, 
34614005, 
34614007, 
34614008, 
34614009, 
34614010, 
34614011, 
34614012, 
34614013, 
34614014, 
34614015, 
34614016, 
34614017, 
34614018, 
34614020, 
34614021, 
34614022, 
34614023, 
34614024, 
34614025, 
34614026, 
34614027, 
34614028, 
34614029, 
34614030, 
34613826, 
34613846, 
34613690, 
34613932, 
34614032, 
34614033, 
34614035, 
34614038, 
34614056, 
34614057, 
34614058, 
34614059, 
34614060, 
34614061, 
34614062, 
34614063, 
34614064, 
34614065, 
34614089, 
34614090, 
34614091, 
34614092, 
34614109, 
34614111, 
34614112, 
34614113, 
34614114, 
34614115, 
34614118, 
34614119, 
34614120, 
34614121, 
34614122, 
34614123, 
34614124, 
34614125, 
34614126, 
34614127, 
34614128, 
34627502, 
34627503, 
34627504, 
34627505, 
34627511, 
34627513, 
34627515, 
34627516, 
34627518, 
34627521, 
34627524, 
34627525, 
34627529, 
34627530, 
34627564, 
34627565, 
34627566, 
34627567, 
34627568, 
34627569, 
34627570, 
34627571, 
34627572, 
34627573, 
34627574, 
34627575, CRRT-Cycle  Cardiac intensive care unit  Continuous renal replacement therapy  Mean arterial pressure  Vasoactive-inotropic score.       
34627576, Chronic kidney disease  Diabetes  Echocardiography  Left ventricular dysfunction.       
34627577, 
34627578, 
34627579, 
34627580, 
34627582, 
34627583, 
34627584, 
34627585, 
34627586, 
34627587, 
34627588, 
34627589, 
34627591, 
34627625, 
34627698, 
34627729, 
34627749, 
34627782, 
34627783, 
34635585, 
34635587, 
34641982, 
34641984, 
34641989, 
34641990, 
34641970, 
34642057, 
34642247, 
34642255, 
34642256, 
34642289, 
34642290, 
34642291, 
34650077, 
34650093, 
34650095, 
34650101, 
34650119, 
34650130, 
34650138, 
34650141, 
34650148, 
34650153, 
34650190, 
34650222, 
34642087, 
34642088, 
34650547, 
34650548, 
34650550, 
34650604, 
34650605, 
34655519, 
34655706, 
34655707, 
34661408, 
34661419, 
34655824, 
34655825, 
34655827, 
34655828, 
34655829, 
34655831, 
34655832, 
34655833, 
34661524, 
34661526, 
34661530, 
34661539, 
34661543, 
34661544, 
34661548, augmented reality  decision support  guideline presentation  smart glasses  triage  wearables.       
34661550, continuous positive airway pressure  machine learning  obstructive sleep apnea  patient compliance  remote monitoring.       
34661567, 
34661568, 
34661569, 
34661570, 
34661584, 
34661578, 
34661579, 
34661580, 
34661581, 
34661745, 
34661753, 
34661760, 
34661774, 
34669418, 
34669439, 
34669440, 
34669441, 
34669442, 
34669443, 
34669444, 
34669525, 
34669545, 
34669590, 
34669591, 
34669592, 
34669593, 
34669594, 
34669595, 
34669596, 
34669597, 
34669598, 
34669614, 
34669635, 
34669636, 
34669637, 
34669670, 
34677266, 
34677268, 
34677269, 
34677270, 
34677272, 
34677273, 
34677305, 
34677306, 
34677307, 
34677308, 
34677309, 
34677311, 
34677312, 
34677314, 
34677316, 
34677318, 
34677320, 
34677322, 
34677323, 
34684796, 
34684800, 
34684804, 
34684811, 
34684813, 
34684815, 
34684819, 
34684828, 
34684832, 
34684835, 
34684837, 
34684841, 
34684843, 
34684847, 
34684853, 
34684862, 
34684888, 
34684890, 
34684891, 
34684894, 
34684896, 
34684900, 
34684903, 
34677342, 
34690110, 
34690152, 
34690343, 
34697644, 
34697645, 
34697652, 
34697802, 
34705815, 
34705821, 
34705824, 
34705826, 
34705828, 
34705829, 
34705830, 
34705831, 
34705833, 
34705834, 
34705835, 
34705836, 
34705837, 
34705838, 
34705839, 
34705841, 
34705842, 
34705843, 
34705845, 
34705846, 
34705847, 
34705848, 
34705851, 
34705852, 
34705853, 
34705854, 
34705856, 
34705857, 
34705858, 
34705859, 
34705860, 
34705861, 
34705872, 
34705875, 
34705877, 
34705881, 
34705883, 
34705890, 
34705923, 
34705925, 
34705926, 
34705927, 
34705928, 
34705929, 
34705930, 
34705931, 
34705932, 
34705933, 
34705934, 
34705935, 
34705936, 
34705937, 
34705938, 
34705939, 
34705941, 
34705942, 
34705943, 
34705944, 
34705945, 
34705949, 
34705952, 
34705953, 
34705954, 
34705958, 
34705959, 
34705960, 
34705961, 
34705962, 
34705963, 
34705964, 
34705965, 
34705966, 
34705967, 
34705968, 
34705969, 
34705970, 
34705971, 
34705972, 
34705973, 
34705974, 
34705975, 
34705976, 
34705977, 
34705978, 
34705979, 
34705985, 
34705986, 
34706001, 
34706002, 
34706003, 
34706004, 
34706005, 
34706006, 
34706007, 
34706008, 
34706009, 
34706010, 
34706011, 
34706012, 
34706025, 
34706026, 
34706027, 
34706037, 
34706038, 
34706039, 
34706043, 
34706047, 
34706048, 
34706049, 
34706066, 
34697931, 
34697932, 
34706171, 
34706172, 
34706189, 
34677699, 
34706216, 
34715471, 
34715501, 
34715502, 
34721425, 
34721437, 
34721561, 
34721562, 
34721563, 
34721564, 
34721565, 
34721566, 
34721567, 
34721659, 
34721822, 
34721823, 
34721839, 
34721903, 
34715483, 
34728010, 
34728011, 
34728012, 
34728014, 
34728015, 
34728016, 
34728021, 
34728053, Chondrichthyes  Conservation  Elasmobranchs  Endangered  Fisheries  IUCN  Sharks and rays  Threatened.       
34728054, Backcasting  Biodiversity  Ecosystems  Forecasting  Global warming  Mediterranean Sea  Non indigenous species  Novel ecosystems  Restoration  Rewilding.       
34728095, COVID-19  Intention  Public Health  Vaccine.       
34728259, Cardiac magnetic resonance  Feature tracking  Hypertrophic cardiomyopathy  Outcomes  Strain  Sudden cardiac death.       
34728260, Acute heart failure  Aldosterone  Congestion  Natriuresis  Prognosis  Renin.       
34734560, epidemiology  hip joint  injuries.       
34734561, 
34734562, 
34734563, 
34734564, 
34734565, 
34734566, 
34734589, 
34734602, 
34745383, 
34745384, 
34745446, 
34745487, 
34745489, 
34745492, 
34745493, 
34745494, 
34745496, 
34745497, 
34745502, 
34745514, 
34745559, 
34745562, 
34745570, 
34749976, 
34750114, 
34750115, 
34750116, 
34750123, 
34750124, 
34750125, 
34750126, 
34750127, 
34750128, 
34750129, 
34750130, 
34750131, 
34768787, 
34768820, 
34768903, 
34768906, 
34768911, 
34768939, 
34769017, 
34769038, 
34769072, 
34769093, 
34769170, 
34769210, 
34769218, 
34781893, 
34781894, 
34781895, 
34781901, 
34781902, 
34781903, 
34781909, 
34781913, 
34781914, 
34781916, 
34781917, COVID-19  Face mask  Mask usage  SARS-CoV-2.       
34781918, Attempted suicide  COVID-19  Emergency room  Suicide.       
34781926, Lumbar spondylodiscitis  Minimally invasive  Oblique lateral interbody fusion.       
34781927, Amblyopia  Early growth responsive gene-1 (Egr-1)  Form deprivation  Kitten  Visual cortex.       
34781929, HIV  Healthcare utilization  Integration  Noncommunicable diseases  Service delivery  Sub-Saharan Africa.       
34781930, Database  Global surgery  Medical education  Mobile applications  Surgical logbook  Surgical training  eHealth.       
34781932, Gas tamponade  Macular vessel density  Retinal thickness  Rhegmatogenous retinal detachment  Silicone oil tamponade.       
34781934, Harris hip score (HHS)  Joint-preserving therapy (JPT)  Orthopedic procedures  Osteonecrosis of the femoral head (ONFH)  Radiographic progression  Total hip arthroplasty (THA).       
34781936, Coronary artery disease  Health coaching  Morbidity  Mortality  Type 2 diabetes.       
34781938, 
34781941, 
34781942, 
34781943, 
34781944, 
34781946, 
34781947, 
34781948, 
34781949, 
34781951, 
34781952, 
34781953, 
34781954, 
34781957, 
34781961, 
34781964, 
34781969, 
34781971, 
34781978, 
34781981, 
34781983, 
34781985, 
34781986, 
34781987, 
34781988, 
34781989, 
34781991, 
34781992, 
34781993, 
34781994, 
34782002, 
34782012, 
34800930, 
34800931, 
34800932, 
34800933, 
34800934, 
34800970, 
34800971, 
34800973, 
34800980, 
34800989, 
34800996, 
34800997, 
34800998, 
34801004, 
34801007, 
34801014, 
34801016, 
34801018, 
34801020, 
34801021, 
34801022, 
34801025, 
34801030, 
34801037, 
34801045, 
34801049, Cervical tumour  Gynaecologic tumour  Inflammatory myofibroblastic tumour  Mesenquimal neoplasia  Soft tissue sarcoma.       
34801054, Boosts  COVID-19  Law  Nudges.       
34801056, Biomarkers  Exosomes  Extracellular vesicles  Malaria  Microvesicles  Pathogenesis  Plasmodium.       
34801059, Dihydroartemisinin-piperaquine  Intermittent presumptive therapy  Malaria in pregnancy  Sulfadoxine-pyrimethamine  Zambia.       
34801061, Emergency room  Epilepsy  Hospitalizations  Rural  Seizure  Self-management.       
34801063, Clinical protocols  Costs and cost analysis  Pelvic floor  Physical therapy specialty  Urinary incontinence  Women’s health.       
34801070, HEMS  POCUS  Pneumothorax  Pre-hospital  Ultrasound.       
34801072, Ambulance  Delphi study  Emergency Medical Services  Evidence based practice  Research priorities.       
34801074, Advisor style  Advisory network  Farmer demands  Farmer style  Knowledge-exchange  Q methodology  Teamwork.       
34801082, 
34801083, 
34801089, 
34750209, 
34750214, 
34750218, 
34750222, 
34750224, 
34750264, 
34789461, 
34789464, 
34789490, 
34789505, 
34789523, 
34789524, 
34789525, 
34789526, 
34789527, 
34789529, 
34789530, 
34789531, 
34789532, 
34789533, 
34789585, 
34789586, 
34789587, 
34789714, 
34789740, 
34797819, 
34810771, 
34810772, 
34810773, 
34810774, 
34810775, 
34810776, 
34810777, 
34810839, 
34810840, 
34810841, 
34810842, 
34810843, 
34810844, 
34810845, 
34810846, 
34810847, 
34810848, 
34810849, 
34810850, 
34810855, 
34810856, 
34810857, 
34810858, 
34810859, 
34810860, 
34810862, 
34810863, 
34810864, 
34810865, 
34810866, 
34810867, 
34810868, 
34810869, 
34810870, 
34810873, 
34810874, 
34810875, 
34810876, 
34810877, 
34810878, 
34810879, 
34810880, 
34810881, 
34810882, 
34810883, 
34810884, 
34810885, 
34810886, 
34810887, 
34810888, 
34810889, 
34810890, 
34811007, 
34811008, 
34811009, 
34811010, 
34811011, 
34811012, 
34811013, 
34811014, 
34811015, 
34811016, 
34811017, 
34811018, 
34811019, 
34811021, 
34811022, 
34811023, 
34811024, 
34811025, 
34811026, 
34811027, 
34811028, 
34811029, 
34811031, 
34811032, 
34811033, 
34811034, 
34811035, 
34811036, 
34811037, 
34811038, 
34811040, 
34811041, 
34811042, 
34811043, 
34811044, 
34811045, 
34811046, 
34811047, 
34811049, 
34811050, 
34811051, 
34811052, 
34811053, 
34811054, 
34811055, 
34811056, 
34811060, 
34811061, 
34811062, 
34811063, 
34811064, 
34811065, 
34811066, 
34811067, 
34811068, 
34811072, 
34811073, 
34811074, 
34811075, 
34811076, 
34811077, 
34811078, 
34811079, 
34811081, 
34811082, 
34811083, 
34811084, 
34811085, 
34811086, 
34811087, 
34811088, 
34811089, 
34811091, 
34811094, 
34811095, 
34811096, 
34811097, 
34811098, 
34811099, 
34811100, 
34811101, 
34811102, 
34810913, 
34810914, 
34810915, 
34810916, 
34810917, 
34810918, 
34810919, 
34810920, 
34810921, 
34810923, 
34810924, 
34810925, 
34810926, 
34810927, 
34810928, 
34810929, 
34810930, 
34810931, 
34810932, 
34810933, 
34810934, 
34810935, 
34810936, 
34810937, 
34810938, 
34810939, 
34810940, 
34810941, 
34810942, 
34810943, 
34810944, 
34810946, 
34810947, 
34810948, 
34810949, 
34810950, 
34810951, 
34810952, 
34810953, 
34810954, 
34810955, 
34810956, 
34810957, 
34810958, 
34810959, 
34810960, 
34810961, 
34810962, 
34810963, 
34810964, 
34810965, 
34810966, 
34810967, 
34810968, 
34810969, 
34810971, 
34810972, 
34810973, 
34810974, 
34810975, 
34810976, 
34810977, 
34810978, 
34810979, 
34810980, 
34810981, 
34810986, 
34810987, 
34810988, 
34810989, 
34810990, 
34810991, 
34810992, 
34810993, 
34811170, 
34811171, 
34811172, 
34811173, 
34811174, 
34811175, 
34811176, 
34811177, 
34811179, 
34811180, 
34811181, 
34811182, 
34811183, 
34811184, 
34811185, 
34811186, 
34811187, 
34811190, 
34811191, 
34811192, 
34811193, 
34811194, 
34156587, 
34156604, 
34156840, 
34156841, 
34156843, 
34156848, 
34156828, 
34156874, 
34156906, 
34156924, 
34156925, 
34156926, 
34156927, 
34156928, 
34156929, 
34156931, 
34156932, 
34156916, 
34156961, 
34156963, 
34161330, 
34161331, 
34161332, 
34161357, 
34161358, 
34161359, 
34161360, 
34161361, 
34161362, 
34161363, 
34161364, 
34161365, 
34161366, 
34161367, 
34161368, 
34161369, 
34161370, 
34161371, 
34161372, 
34161373, 
34161374, 
34161375, 
34161376, 
34161377, 
34161378, 
34161379, 
34161380, 
34161381, 
34161383, 
34161384, 
34161385, 
34161386, 
34161387, 
34161388, 
34161389, 
34161390, 
34161391, 
34161392, 
34161393, 
34161399, 
34161411, 
34161412, 
34161413, 
34161414, 
34161415, 
34161416, 
34161422, 
34161423, 
34161424, 
34161425, 
34161426, 
34161427, 
34161428, 
34161429, 
34161430, 
34161431, 
34161432, 
34161433, 
34161434, 
34161435, 
34161447, 
34161448, 
34161449, 
34161450, 
34161451, 
34161452, 
34161453, 
34161454, 
34161455, 
34161456, 
34161457, 
34161458, 
34161459, 
34161460, 
34161461, 
34161463, 
34161337, 
34161338, 
34161339, 
34161340, 
34161341, 
34161343, 
34161344, 
34161345, 
34161346, 
34161348, 
34161349, 
34161350, 
34161351, 
34161352, 
34161353, 
34161354, 
34161355, 
34161492, 
34161493, 
34161508, 
34161509, 
34161510, 
34161511, 
34161513, 
34161514, 
34161515, 
34161521, 
34161522, 
34161523, 
34161549, 
34161550, 
34161551, 
34161552, 
34161553, 
34161554, 
34161555, 
34161556, 
34161558, 
34161560, 
34161334, 
34161335, 
34161397, 
34161567, 
34161578, 
34161589, 
34161592, 
34161594, 
34161597, 
34161623, 
34161693, 
34161705, 
34161727, 
34161732, 
34170905, 
34170906, 
34170907, 
34170908, 
34170909, 
34170910, 
34170911, 
34170912, 
34170913, 
34170914, 
34170915, 
34170916, 
34170917, 
34170918, 
34170919, 
34170920, 
34170921, 
34170922, 
34170932, 
34170933, 
34170934, 
34170935, 
34170936, 
34170937, 
34170938, 
34170939, 
34170940, 
34170941, 
34170942, 
34170943, 
34170944, 
34170945, 
34170946, 
34170947, 
34170948, 
34170949, 
34170950, 
34170951, 
34170952, 
34170953, 
34170954, 
34170955, 
34170956, 
34170957, 
34170958, 
34170959, 
34170960, 
34170961, 
34170899, 
34170924, 
34170926, 
34170927, 
34170928, 
34170929, 
34170930, 
34170963, 
34170964, 
34170965, 
34170966, 
34170967, 
34170970, 
34170971, 
34170972, 
34170973, 
34170974, 
34170975, 
34170977, 
34170978, 
34170979, 
34170980, 
34171048, 
34171049, 
34171050, 
34171051, 
34171052, 
34171053, 
34171054, 
34171055, 
34171056, 
34171057, 
34171058, 
34171059, 
34171060, 
34171061, 
34171062, 
34171063, 
34171064, 
34171065, 
34171066, 
34171067, 
34171068, 
34171069, 
34171070, 
34171071, 
34171072, 
34171073, 
34171074, 
34171075, 
34171076, 
34171077, 
34171078, 
34171079, 
34171080, 
34171081, 
34171082, 
34171100, 
34171186, 
34171187, 
34171189, 
34177879, 
34177880, 
34177881, 
34177882, 
34177884, 
34177887, 
34177890, 
34177891, 
34177893, 
34177895, 
34177897, 
34177900, 
34177902, 
34177903, 
34177904, 
34177906, 
34177907, 
34177908, 
34177909, 
34177917, 
34177918, 
34177919, 
34177921, 
34177925, 
34177926, 
34177927, 
34177928, 
34177932, 
34177933, 
34177934, 
34177935, 
34177936, 
34177937, 
34177941, 
34177942, 
34177944, 
34177945, epigenetic  lactate  lactylation  macrophage  posttranslational modification.       
34177949, C3 glomerulopathy  atypical hemolytic uremic syndrome  complement  danicopan  factor B  factor D.       
34177950, alveolar bone loss  bone remodeling  inflammasome  inflammation  interleukin-1  osteolysis  periodontitis  pyroptosis.       
34177952, combination  diseases  exosomes  extracellular vesicles  melatonin  therapeutic potential.       
34171193, 
34171229, 
34171244, 
34171249, 
34183117, 
34183118, 
34183120, 
34183121, 
34183122, 
34183123, 
34183124, 
34183125, 
34183126, 
34183127, 
34183128, 
34183129, 
34183130, 
34183131, 
34183132, 
34183133, 
34183134, 
34183135, 
34183191, 
34183194, 
34183204, 
34183205, 
34183206, 
34183311, 
34183312, 
34183313, 
34183314, 
34183315, 
34183316, 
34183317, 
34183333, 
34183334, 
34183335, 
34183336, 
34183337, 
34183338, 
34183339, 
34183340, 
34183341, 
34183342, 
34183343, 
34183344, 
34183345, 
34183346, 
34183347, 
34183348, 
34183349, 
34183350, 
34183351, 
34183384, 
34183385, 
34183386, 
34183388, 
34183389, 
34183462, 
34183465, 
34183466, 
34183468, 
34183470, 
34183518, 
34190222, 
34190224, 
34190226, 
34190227, 
34190228, 
34190230, 
34190235, 
34190236, 
34190237, 
34190240, 
34190246, 
34190269, 
34190278, 
34190284, 
34190297, 
34190298, 
34190300, 
34190319, 
34190331, 
34190338, 
34190339, 
34190341, 
34190343, 
34190345, 
34190621, 
34206895, 
34206904, 
34206907, 
34206914, 
34206921, 
34206922, 
34206926, 
34206931, 
34206936, 
34206942, 
34206945, 
34206953, 
34206957, 
34206968, 
34206973, 
34206977, 
34206979, 
34206989, 
34206990, 
34206993, 
34207006, 
34207008, 
34207010, 
34207016, 
34207017, 
34207019, 
34207032, 
34207035, 
34207039, 
34207040, 
34207044, 
34207046, 
34207050, 
34207057, 
34207058, 
34207073, 
34207080, 
34207085, 
34207090, 
34207092, 
34207103, 
34207104, 
34207106, 
34207111, 
34207117, 
34207119, 
34207126, 
34207128, 
34207130, 
34207132, 
34207140, 
34207142, 
34207145, 
34207146, 
34207148, 
34207151, 
34207152, 
34207155, 
34207161, 
34207171, 
34207174, 
34207175, 
34207178, 
34207183, attention fusion  convolution neural network  multispectral pedestrian detection  one-stage.       
34207189, bioactive compounds  essential methods for liposome/vesicle preparation  membrane fluidity  membrane kinetics  model lipid bilayers.       
34207193, Unmanned aerial vehicles  bio-inspired sensing  biosonar  simulation  support vector machine  wavelet scattering.       
34207196, VOCs  XGBoost  algorithms  breath acetone  diabetes  e-nose  machine learning.       
34207198, Parkinson´s disease  motor fluctuations  motor symptoms  sensors  treatment.       
34207201, Internet of Things  PM particles  air measurements  air pollution  air quality  sensors.       
34207211, non-consensual dissemination  psychopathology  sext distribution  sexting  victimization.       
34207212, HIV pre-exposure prophylaxis (PrEP)  biodegradable polymer  long-acting drug delivery  poly(?-caprolactone) (PCL)  polymer blends  subcutaneous implant  tenofovir alafenamide.       
34207213, Y-RNAs  autism spectrum disorders  biomarkers  diagnosis  lncRNAs  miRNAs  ncRNAs  piRNAs  plasma  snoRNAs  tRNAs.       
34207219, 
34207220, 
34207228, 
34207233, 
34207245, 
34207264, 
34207274, 
34207275, 
34207279, 
34207281, 
34207282, 
34207286, 
34207289, 
34207292, 
34207295, 
34207303, 
34207305, 
34207306, 
34207309, 
34207317, 
34207318, 
34207319, 
34207323, 
34207330, 
34207331, 
34207332, 
34207336, 
34207337, 
34207338, 
34207340, 
34207342, 
34207344, 
34207346, 
34207352, 
34207355, 
34207359, 
34207360, 
34207362, 
34207374, 
34207376, 
34207378, 
34207382, 
34207386, 
34207389, 
34207393, 
34207395, 
34207397, 
34207407, 
34207409, 
34207417, 
34207420, 
34207424, 
34207426, 
34207427, 
34207433, 
34190531, 
34190540, 
34190543, 
34190551, 
34190561, 
34190575, 
34190608, 
34215870, 
34215878, 
34215884, 
34216035, 
34221360, 
34221361, 
34226485, 
34226488, 
34226490, 
34226491, 
34226495, 
34221357, 
34226119, 
34226120, Cognitive function  Diabetes  Insulin resistance  Memory  NAFLD  Obesity.       
34226431, 
34226432, 
34226433, 
34226434, 
34226435, 
34233118, 
34233216, Aerodynamics  Computer simulation  Inverse dynamics  Mathematical modelling  Wind compensation system  Winter sports.       
34233217, 
34233220, Functional magnetic resonance imaging  Multivariate pattern analysis  Natural scene categorization  Object perception  Real-world structure.       
34233246, 
34233298, 
34233301, 
34233304, 
34233314, 
34233318, 
34233328, 
34233333, 
34233334, 
34233336, 
34233352, 
34233354, 
34242783, 
34242784, 
34242785, 
34242786, 
34242797, 
34242792, 
34242793, 
34242833, 
34242836, 
34242844, 
34242887, 
34242910, 
34242911, 
34242912, 
34242936, 
34243002, 
34243003, 
34243004, 
34243005, 
34243006, 
34243009, 
34243010, 
34243024, 
34243087, 
34243091, 
34243092, 
34243093, 
34243094, 
34243095, 
34243118, 
34243119, 
34251616, 
34251617, 
34251618, 
34251619, 
34251620, 
34251621, 
34251622, Cross-regulation  Multiscale modeling  Protein regulation  Transcript regulation.       
34251623, Gene  Microarray  Network mining  Protein  Protein–protein interaction (PPI).       
34251624, ATAC-seq  DAP-seq  Machine learning  Single-cell RNAseq.       
34251625, 
34251626, Boolean logic  Dynamic modeling  Effectors  NLRs  PAMPs  Plant immunity.       
34251627, Gene regulation  Gene-regulatory network  Plant–pathogen interactions  RNA-Seq  Temporal transcriptome  Visualization.       
34251628, DLR  Fluorescence  JAZ3  Luciferase  Luminescence  MYCs  Promoter  Tobacco  Transcriptional regulation.       
34251629, Circadian clock  Molecular timetable  Soybean  Submergence  Transcriptome.       
34251630, 
34251631, 
34251632, 
34251633, 
34251634, 
34251635, 
34251636, 
34251637, 
34251638, 
34251639, 
34251640, 
34251642, 
34251643, 
34251644, 
34251645, 
34251646, 
34251658, 
34251659, 
34251660, 
34251661, 
34251662, 
34251663, 
34251664, 
34251665, 
34251666, 
34251667, 
34251668, 
34251669, 
34251670, 
34251671, 
34251672, 
34251673, 
34251697, 
34251709, 
34251801, 
34251802, 
34251806, 
34251807, 
34251814, 
34251828, 
34251835, 
34251838, 
34251884, 
34251885, 
34251887, 
34251927, 
34251953, 
34251973, 
34258615, 
34258616, 
34258634, 
34258667, 
34258684, 
34258692, 
34258696, 
34258735, 
34258736, 
34258737, 
34258738, 
34258739, 
34258740, 
34258741, 
34258742, Antiviral  Drug repurposing  Entry  Immune modulator  Replication.       
34258743, Coronavirus  MERS-CoV  RNA polymerase  Remdesivir  SARS-CoV  Viral replication.       
34258744, Antiviral peptides  DNA recombinant technology  Half-life of peptides  Oral bioavailability  Permeability  Solid-phase peptide synthesis.       
34258745, Activities  Covalent antiviral agents  In silico study  Mechanisms  Structures.       
34258746, Antivirals  Broad spectrum antiviral agents  Databases  Drug discovery  Drug repurposing.       
34258747, Antiviral therapeutics  Antivirals  Degraders  PROTACs  Proteasome  Ubiquitin  Ubiquitin ligases.       
34258890, Cardiorenal  Cardiovascular disease  Chronic kidney disease  Heart failure.       
34258891, Ischemic mitral regurgitation  Left ventricle remodeling  Mitral valve repair  Papillary muscle approximation.       
34258892, COVID-19  Cardiometabolic  Cardiovascular  Global health  Healthcare  Lifestyle  Public health  Underserved populations.       
34258893, Blood pressure  Metabolic data  Metabolic syndrome  Shisha  Tobacco.       
34258894, 
34258896, 
34258897, 
34258898, 
34258899, 
34258901, 
34258902, 
34258903, 
34258904, 
34258906, 
34258907, 
34258908, 
34258910, 
34258912, 
34258916, 
34258920, 
34258921, 
34258923, 
34264762, 
34264779, 
34264834, 
34264835, 
34264836, 
34264838, 
34264839, 
34264840, 
34264841, 
34264842, 
34264845, 
34264854, 
34264789, 
34264811, 
34264812, 
34264813, 
34264829, 
34264865, 
34264878, 
34264899, 
34264908, 
34264909, 
34264911, 
34264954, 
34264955, 
34264956, 
34264958, 
34264959, 
34264960, 
34264961, 
34264962, 
34264963, 
34264964, 
34264965, 
34264966, 
34264968, 
34264969, 
34264970, 
34264971, 
34264972, 
34264973, 
34264974, 
34264975, 
34264976, 
34264977, 
34264978, 
34264979, 
34264980, 
34264981, 
34264982, 
34264983, 
34264984, 
34264985, 
34264986, 
34264987, 
34264988, 
34264989, 
34264990, 
34264991, 
34264992, 
34264993, 
34264994, 
34264995, 
34264996, 
34264997, 
34264998, 
34264999, 
34265000, 
34265001, 
34265002, 
34265003, 
34265004, 
34265005, 
34265006, 
34265007, 
34265008, 
34265009, 
34265010, 
34265011, 
34265012, 
34265013, 
34265014, 
34265015, 
34265016, 
34264937, 
34264944, 
34264949, 
34265019, 
34265020, 
34265021, 
34265023, 
34264940, 
34274464, 
34274465, 
34274468, 
34274469, 
34274470, 
34274471, 
34274472, 
34274474, 
34274475, FOXP3  Pregnancy losses  Recurrent miscarriages  Single-nucleotide polymorphism  Treg.       
34274476, Ankylosing spondylitis  FOXO3a  Gene  Molecular epidemiology  Polymorphisms.       
34274477, Choroterpes (Euthralus) yixingensis  Imidacloprid  Mitochondrial gene transcript level  Mitochondrial genome  Phylogeny.       
34274478, Case fatality rate  East Mediterranean Region  SARS-CoV-2  Variants  Whole genome.       
34274479, Immediate-early genes  Mitogen- and stress-activated protein kinase  Protein kinase A  RNA sequencing  Transcriptome.       
34274481, Incomplete lineage sorting  Introgression  Phylogenomics  Species trees.       
34274482, Defensin  Genome identification  Goat  Intestine  Real-time PCR.       
34274484, 
34274485, 
34274520, 
34274531, 
34274559, 
34274605, 
34274623, 
34274624, 
34274625, 
34274662, 
34274663, 
34274664, 
34274666, 
34274669, 
34274672, 
34274675, 
34274676, 
34274679, 
34274686, 
34274687, 
34274688, 
34274615, 
34274616, 
34274725, 
34274726, 
34274716, 
34274802, 
34274803, 
34274804, 
34274808, 
34274829, 
34274830, 
34274817, 
34274826, 
34282563, 
34282564, 
34282603, 
34282604, 
34282605, 
34282606, 
34282607, 
34282608, 
34282617, 
34282618, 
34282619, 
34282620, cardiogenic shock  emergency/salvage operation preoperative mechanical ventilation.  mortality and risk factors  myocardial infarct  postinfarction ventricular septal defect  surgical repair.       
34282621, anterior shoulder instability  arthroscopic Latarjet  failed Bankart significant glenoid bone loss..       
34282622, 
34282623, adolescent  cancer  communication qualitative method.  parent  terminally ill.       
34282624, metallothionein  tumour marker solid tumour..       
34282625, COVID-19  SARS-CoV-2  thrombosis  antithrombotic therapy  low-molecular-weight heparin  D-dimer  enoxaparin..       
34282626, COVID-19  oxygen saturation.  prone position.       
34282627, degenerative spine disease  epidural hematoma  obesity spine surgery..       
34282628, COVID-19  Hydroxychloroquine  azithromycin ventricular arrhythmia.  index of Cardiac Electrophysiological Balance (iCEB).       
34282645, activity pacing  breast cancer  chemotherapy  cognitive behavioral therapy  fatigue  randomized controlled trial.       
34282719, 
34282722, 
34282724, 
34282727, 
34282736, 
34282832, 
34282838, 
34282841, 
34282852, 
34282853, 
34282854, 
34282875, 
34282911, 
34297834, 
34297835, 
34297837, 
34297830, 
34297997, 
34298000, 
34298024, 
34298036, 
34298038, 
34298040, 
34298071, 
34298180, 
34298182, 
34298183, 
34298184, 
34298185, 
34298186, 
34298187, 
34298188, 
34304240, 
34304229, 
34304230, 
34304258, 
34304260, 
34304339, 
34304401, 
34304544, 
34304545, 
34304546, 
34304547, 
34304548, 
34304549, 
34304550, 
34304551, 
34304552, 
34304553, 
34304394, 
34304397, 
34304588, 
34304591, 
34304592, 
34304595, 
34304676, 
34304679, 
34311281, 
34311348, 
34311349, 
34311352, 
34311354, 
34311359, 
34311362, 
34311364, 
34311365, 
34311367, 
34311368, 
34311369, 
34311370, 
34311373, 
34311375, 
34311376, 
34311380, 
34311381, 
34311388, 
34311460, Lifestyle intervention  Obesity  Overweight  Polycystic ovarian syndrome  Pregnancy.       
34311461, Extraneural metastases  Fine needle aspiration  Glioblastoma  Metastasis  Salivary gland.       
34311462, CpGs  DNA methylation  Epigenetics  Gene expression  RAP1GAP  Thyroid cancer.       
34311464, Bariatric surgery  Myelopathy  Nutritional deficiencies.       
34311467, 
34311659, Healthcare resource utilization  I  I00  I1  I10  generalized estimating equation  healthcare costs  migraine chronification  preventive treatment.       
34311667, Injection drug use  harm reduction  people who use drugs  rural health  syringe service program.       
34311671, Brivaracetam  I  I00  I11  eslicarbazepine acetate  focal seizures  healthcare resource utilization  medical charges.       
34311673, Affordable Care Act  Home and community-based services  Medicaid  policy adoption.       
34311695, 
34311696, 
34311697, 
34311698, 
34311699, 
34311700, 
34311701, 
34311702, 
34311703, 
34311704, 
34311705, 
34311706, 
34321216, 
34321231, 
34321291, 
34321292, 
34321293, 
34321294, 
34321295, 
34321296, 
34321297, 
34321298, 
34321299, 
34321300, 
34321301, 
34321302, 
34321303, 
34321305, 
34321306, 
34321307, 
34321308, 
34321309, 
34321310, 
34321260, 
34321261, 
34321262, 
34321263, 
34321265, 
34321266, 
34321267, 
34321270, 
34321271, 
34321272, 
34321317, 
34321321, 
34321452, 
34321459, 
34321462, 
34321466, 
34321468, 
34321471, 
34321472, 
34321474, 
34321476, 
34321477, 
34321478, 
34321479, 
34321480, 
34321481, 
34321483, 
34321484, 
34321486, 
34321490, 
34321491, 
34321492, 
34321493, 
34321494, 
34321495, 
34321496, 
34321504, 
34321509, 
34321512, 
34321513, 
34321515, 
34321516, 
34321519, 
34321520, 
34321522, 
34321523, 
34321524, 
34321525, 
34321527, 
34321529, 
34321530, 
34321531, 
34321532, 
34321534, 
34321536, 
34321538, 
34321539, 
34321544, 
34321545, 
34321546, 
34321548, 
34321549, 
34321555, 
34321556, 
34321557, 
34321558, 
34321559, 
34321560, 
34321561, 
34321562, 
34321563, 
34311624, 
34321363, 
34321367, 
34321378, 
34321379, 
34321383, 
34321386, 
34321360, 
34321406, 
34328126, 
34328127, 
34328128, 
34328129, 
34328130, 
34328131, 
34328132, 
34328133, 
34328134, 
34328135, 
34328136, 
34328137, 
34328138, 
34328139, 
34328140, 
34328141, ClinicalTrials.gov     .       
34328142, 
34328143, 
34328144, 
34328145, 
34328146, 
34328169, 
34328170, 
34328171, 
34328172, 
34328180, 
34328181, 
34328184, 
34328188, 
34328210, 
34328282, 
34328283, 
34328284, 
34328300, 
34328314, 
34328413, 
34328414, 
34328417, 
34328418, 
34328419, 
34328422, 
34328423, 
34328425, 
34328427, 
34328431, 
34328433, 
34328434, 
34328436, 
34328437, 
34328438, 
34328439, 
34328440, 
34328441, 
34328442, 
34328443, 
34328444, 
34334387, 
34334389, 
34334390, 
34334395, 
34334400, 
34334412, 
34334431, 
34334432, 
34334433, 
34334440, 
34334441, 
34334442, 
34334454, 
34334467, 
34334468, 
34334469, 
34334482, 
34334483, 
34334484, 
34334485, 
34334486, 
34334487, 
34334509, 
34334511, 
34334512, brain protein  cognitive function  cordycepin  diabetes mellitus  free radical.       
34334513, Parelaphostrongylus tenuis  Tragelaphus spekii  meningeal worm  sitatunga.       
34334514, alkaloid  benzyne  cascade reaction  heterocycle  total synthesis.       
34334516, cosmetic formulation  enhanced skin permeation  humidifier  hydrophilic drug  skin hydration  topical drug formulation.       
34334517, ONIOM (our own n-layered integrated molecular orbital and molecular mechanics) calculation  peptide bond formation  proton shuttle  ribosome  stepwise mechanism.       
34334519, bioactivity  daldinin  endothelial cell  natural product derivative  total synthesis.       
34334520, 5-fluorouracil  HPLC  dihydropyrimidine dehydrogenase  fluorescence  uracil.       
34334521, N-isopropylacrylamide  melittin  polymer nanoparticle  protein–protein interaction  purification.       
34334522, dibenzopyranone  lactone  palladium  regioselectivity.       
34334523, 
34334525, 
34334526, 
34328465, 
34328466, 
34328467, 
34328468, 
34328469, 
34328470, 
34328471, 
34328472, 
34328473, 
34328474, 
34328475, 
34328476, 
34328477, 
34328478, 
34328479, 
34328480, 
34328481, 
34328482, 
34328483, 
34328484, 
34328498, 
34328342, 
34334582, 
34334583, 
34334584, 
34334588, 
34334589, 
34334590, 
34334591, 
34334592, 
34334593, 
34334594, 
34334630, 
34334631, 
34328508, 
34328511, 
34334349, 
34334658, 
34334659, 
34334660, 
34334733, 
34334734, 
34334700, 
34339587, 
34339604, 
34339635, 
34339666, 
34339674, 
34339715, 
34339716, 
34339717, 
34339718, 
34339719, 
34339724, 
34339725, RNA Velocity  RNA metabolism  aging  homeostasis  single-cell.       
34339772, COVID-19  Coronavirus comparative genomics  Epitope prediction  SARS-CoV-2 genomics  Spike protein.       
34339775, Bioprocess  Electro-fermentation  Materials  Probes  Process analytical technology.       
34339767, Cardiac disease  DNA methylation  Epigenetic analysis  Exercise  Heart failure  miRNA.       
34339812, Artificial intelligence  Database  Drug-excipient compatibility  Expert system  Formulation design  Prediction.       
34339813, Flory-Huggins  HME  Miscibility  PZQ  Phase Diagram  Polymers.       
34339814, Cancer therapy  Etoposide  Micelles  Targeted delivery  Vitamin D3 receptors.       
34339869, Cancer therapy  Epirubicin  Liposomes  Neutrophil/monocyte-based drug delivery system  Sialic acid.       
34339870, Cell therapy  Chondrospheres  Degenerative disc disease  Intervertebral disc  Tissue engineering.       
34339897, Acute myocardial ischemia  Cardiac stress test  Experimental model  ST-segment changes.       
34339903, 
34347442, 
34347443, 
34347447, 
34347450, 
34347454, 
34347456, 
34347462, 
34347473, 
34347479, 
34347483, 
34347499, 
34347501, 
34347528, 
34347633, 
34347636, 
34347700, 
34347704, 
34347705, 
34347706, 
34347707, 
34347714, 
34347715, 
34347717, 
34347763, 
34347769, 
34347770, 
34347772, 
34347791, 
34347792, 
34347793, 
34347794, 
34347795, 
34347796, 
34347797, 
34347798, 
34347799, 
34347800, 
34347801, 
34347802, 
34347803, 
34347804, 
34347805, 
34347806, 
34347807, 
34347808, 
34347809, 
34347810, 
34347811, 
34347812, 
34347813, 
34347814, 
34347815, 
34347816, 
34347817, 
34347818, 
34347819, 
34347820, 
34347821, 
34347822, 
34347823, 
34347824, 
34347825, 
34347827, 
34347828, 
34347829, 
34347830, 
34347833, 
34347834, 
34347774, 
34347775, 
34347776, 
34347777, 
34347778, 
34347779, 
34347780, 
34347781, 
34347782, 
34347836, 
34347837, 
34347838, 
34347840, 
34347841, 
34347842, 
34347843, 
34347844, 
34347845, 
34347846, 
34347847, 
34347848, 
34347849, 
34347850, 
34347785, 
34347855, 
34347787, 
34355552, 
34355568, 
34355590, 
34355598, 
34355607, 
34355609, 
34355631, 
34355649, 
34355684, 
34355686, 
34355714, 
34355724, 
34355730, 
34363072, 
34368346, 
34368347, 
34368348, 
34368349, 
34368351, 
34368352, 
34368355, 
34368357, 
34368358, 
34368360, 
34368362, 
34368437, 
34363128, Agonist radiotracer  Antagonist radiotracer  EKAP  FEKAP  GR103545  Kappa opioid receptor  LY2459989  LY2795050  Neuroimaging  PET.       
34374970, 
34374973, 
34374974, 
34374977, 
34374978, 
34374980, 
34374981, 
34374982, 
34374983, 
34374984, 
34374985, 
34375046, 
34375047, 
34375076, 
34375077, 
34375080, 
34375096, 
34375099, 
34375114, 
34375117, 
34375133, 
34375198, 
34375271, 
34375272, 
34375273, 
34375298, 
34375299, 
34375308, 
34375313, 
34375163, 
34375327, 
34379914, 
34379916, 
34379975, 
34379976, 
34380017, 
34380018, 
34380070, 
34380095, 
34380116, 
34380130, 
34380134, 
34380136, 
34380137, 
34380145, 
34380207, 
34380209, 
34380212, 
34380214, 
34380215, 
34380219, 
34380220, 
34380224, 
34380225, 
34380227, 
34380228, 
34380231, 
34380232, 
34380234, 
34380236, 
34380175, 
34380183, 
34390424, 
34390550, 
34390551, 
34390554, 
34390555, 
34390557, 
34390558, 
34390569, 
34390625, 
34390626, 
34390627, 
34390628, 
34390629, 
34390630, 
34390631, 
34390632, 
34390633, 
34390634, 
34390646, 
34390647, 
34390649, 
34390651, 
34390685, 
34390686, 
34390688, 
34390731, 
34390735, 
34399054, 
34399086, 2019 novel coronavirus disease  COVID-19  SARS-CoV-2  adolescents  antigen testing  asymptomatic  colleges  coronavirus disease  coronaviruses  institutions of higher education  respiratory infections  severe acute respiratory syndrome coronavirus 2  universities  viruses  young adults  zoonoses.       
34399132, Parent report  Validity of screening  Vocabulary screening.       
34399133, Fatigue  Scoping review  Sleepiness  Speech-language disorders  Stroke.       
34399138, Criminal justice system  Fetal alcohol spectrum disorder  Intellectual Disability  Law  Psychiatry  Sentencing  Sexual offences.       
34399141, Experimental designs  Gradient elution  Interpretive prediction of retention  Isocratic elution  Uncertainties in predictions.       
34399142, Chiral separation  Ecotoxicity  Electrokinetic chromatography  Non-target aquatic organisms  Sulfoxaflor.       
34399143, Complex Samples  Liquid Chromatography  Mass Spectrometry  Methionine Oxidation  Peak Broadening  Stationary Phases.       
34399144, Aggregates  Cation exchange chromatography  Fiber-based adsorbents  Monoclonal antibodies  Purification  Stationary phase.       
34399174, Colorimetric sensor array  Multivariate analysis  Rice  SPME-GC–MS  Smartphone.       
34399175, 
34399176, 
34399177, 
34399178, 
34399179, 
34399180, 
34399181, 
34399183, 
34399184, 
34399192, 
34399217, 
34399242, 
34399246, 
34399248, 
34399249, 
34399272, 
34399273, 
34399274, 
34399324, 
34399326, 
34399327, 
34399328, 
34399329, 
34399330, 
34399332, 
34399334, 
34399337, 
34399341, 
34399342, 
34399343, 
34399346, 
34399348, 
34399350, 
34399351, 
34399352, 
34399305, 
34399373, 
34399409, 
34407339, 
34407342, 
34407343, 
34407364, 
34407377, 
34407380, 
34407387, 
34407389, 
34407427, 
34407428, 
34407429, 
34407459, 
34407470, 
34407471, 
34407490, 
34407496, 
34407529, 
34407533, 
34407534, 
34407538, 
34407539, 
34407673, 
34407658, 
34407661, 
34414416, 
34414441, 
34414487, 
34414526, 
34414634, 
34419867, 
34419868, 
34419869, 
34419870, 
34419871, 
34419872, 
34419903, 
34419907, Anaerobic digestion-solar drying-land utilization  Heavy metals  Nutrients  Particle size distribution  Persistent organic pollutants  Sewage sludge.       
34419908, Aquaculture  Ecological modelling  Estuaries  Fish  Mussels  Water quality.       
34419912, Bacterioplankton community  Ecological restoration  Sediment  Submerged macrophyte  Water quality.       
34419914, Coastal hazards  Pearl River Delta  Storm surge  Tropical cyclone.       
34419920, Active biomonitoring  Nonpoint sources  PAH  PCB  Point sources  Stressors.       
34419921, Absorbance  Brownification  Generalized additive mixed model  Long-term trends  Organic matter  Watercourses.       
34419933, Epilepsy  Seizure detection device.       
34419935, esports betting  gambling-related harm  problem gambling  skin gambling  sports betting.       
34419940, 
34419941, 
34419942, 
34419943, 
34419944, 
34419945, 
34419947, 
34419980, 
34419981, 
34419982, 
34420027, 
34420030, 
34420032, 
34420033, 
34420040, 
34420099, 
34420100, 
34425379, 
34425380, 
34420128, 
34425399, 
34425421, 
34425422, 
34425423, 
34425436, 
34425437, 
34425438, 
34425441, 
34425442, 
34425445, 
34425447, 
34425448, 
34425469, 
34425656, 
34425657, 
34425658, 
34425659, 
34425660, 
34425662, 
34425663, 
34425664, 
34425665, 
34425666, 
34425667, 
34425674, 
34425679, 
34425704, 
34425746, 
34425747, 
34425748, 
34425749, 
34425752, 
34425753, 
34425754, 6-mercaptopurine  Bone marrow suppression  Crohn’s disease  Cytopenia  Inflammatory bowel disease  Ulcerative colitis.       
34425756, Antimicrobial resistance  Group B Streptococcus  Nigeria  Whole genome sequencing  capsular typing.       
34425758, Endoscopic submucosal dissection  Gastric cancer  Older patients  Prognostic factors  Prognostic nutritional index.       
34425761, Adenosine deaminase  Interleukin-33  Pleural effusion  Tuberculosis  Tuberculosis T cell spot detection.       
34425763, Age  Disease-modifying therapies  Interferon beta-1b  Multiple sclerosis.       
34425764, Diagnosis  HIV-uninfected  Metagenomic next-generation sequencing  Talaromyces marneffei.       
34425765, Antineutrophil cytoplasmic antibody  Biomarkers  Colonoscopy  Refractory  Steroids  Ulcerative colitis.       
34425767, Loneliness  Mental health  Personal recovery  Psychiatry  Social isolation.       
34425768, Diagnosis  Human immunodeficiency virus  Scoring system  Tuberculosis.       
34425769, Coronary artery disease  Schizophrenia  Vascular Calcification.       
34425770, 
34425771, 
34425772, 
34425773, 
34435988, 
34435989, 
34435990, 
34435991, 
34435992, 
34435993, 
34436010, 
34436011, 
34436012, 
34436013, 
34436014, 
34436015, 
34436016, 
34436017, 
34436018, 
34425556, 
34425558, 
34425575, 
34425579, 
34436036, 
34436039, 
34436041, 
34436042, 
34436043, 
34436045, 
34436052, 
34436053, 
34436077, 
34436080, 
34436082, 
34436083, 
34436084, 
34436087, 
34436090, 
34436093, 
34436094, 
34436539, 
34436540, 
34444295, 
34444296, 
34444297, 
34444299, 
34444300, 
34444301, 
34444303, 
34444304, 
34444308, 
34444309, 
34444314, 
34444315, 
34444316, 
34444317, 
34444318, 
34444319, 
34444320, 
34444321, 
34444324, 
34444326, Granger causality test  cancer  data mining  news media  public attention.       
34444327, COVID-19  VOSviewer  artificial intelligence  machine learning  scientometrics  text mining.       
34444329, environmental regulation  input change  mediation effect  opportunity cost  technical change.       
34444330, Sierra Leone  audit and feedback  cesarean delivery  decision to incision time interval  quality of obstetric care.       
34444332, MMPI-2  breast cancer  exercise  pain  personality profile  physiotherapy.       
34444333, pulmonary hypertension  vascular remodeling  vascular smooth muscle cells.       
34444334, digital divide  information access  information capability  information literacy  information utilization  older people.       
34444335, antenatal care  complex interventions  cultural competence  disadvantaged groups  disparities  ethnicity  health literacy  immigrants  pregnancy complications  process evaluation.       
34444336, 
34444338, 
34444339, 
34444342, 
34444343, 
34444344, 
34444345, 
34444346, 
34444348, 
34444349, 
34444350, 
34444351, 
34444352, 
34444353, 
34444354, 
34444355, 
34444356, 
34444358, 
34444359, 
34444360, 
34444361, 
34444362, 
34444363, 
34444365, 
34444368, 
34444369, 
34444370, 
34444373, 
34444374, 
34444375, 
34444376, 
34444378, 
34444379, 
34444380, 
34444381, 
34444383, 
34444384, 
34444386, 
34444387, 
34444388, 
34444390, 
34444391, 
34444393, 
34444394, 
34444398, 
34444401, 
34444403, 
34444404, 
34444405, 
34444406, 
34444409, 
34444412, 
34444415, 
34444416, 
34444417, 
34444418, 
34444420, 
34444422, 
34444424, 
34444425, 
34444426, 
34444429, 
34444430, Japanese healthy volunteer  cerebrospinal fluid  older population  reference interval  total protein.       
34444431, liver injury  non-alcoholic fatty liver disease (NAFLD)  obesity  serum 25-hydroxyvitamin D  vitamin D.       
34444432, estradiol replacement  gut-liver tissue axis  high-fat  high-sucrose diet  metabolic disorders  mixture of pollutants  ovariectomy.       
34444433, forest program  intervention mapping  program development  residential facilities  transtheoretical model  unmarried mothers.       
34444434, Asia  COVID-19 control  government response  stringency  timeliness.       
34444437, COVID-19  general practice  health care inequalities  health inequalities  health/healthcare inequity  marginalised communities  primary care  remote consulting  social determinants of health  social prescribing.       
34444438, COVID-19 vaccine  Increasing Vaccination Model  vaccine attitudes  vaccine hesitancy.       
34444439, activated carbon  coagulation  drinking water treatments  emerging contaminants  ultrafiltration.       
34444441, COVID-19  China  latent profile analysis  mental health  personality.       
34444442, 
34444443, 
34444444, 
34444445, 
34444446, 
34444449, 
34444453, 
34444456, 
34444457, 
34444458, 
34444459, 
34444460, 
34444461, 
34444463, 
34444464, 
34444466, 
34444468, 
34444469, 
34444470, 
34444471, 
34444472, 
34444475, 
34444476, 
34444477, 
34444478, 
34444480, 
34444481, 
34444482, 
34444484, 
34444485, 
34444486, 
34444488, 
34444490, 
34444496, 
34444497, 
34444499, 
34444501, 
34444502, 
34444504, 
34444505, 
34444506, 
34444507, 
34444510, 
34444511, 
34444513, 
34444514, 
34444516, 
34444517, 
34444519, 
34444520, 
34444522, 
34444523, eating behavior  eating habit  gestational diabetes mellitus  theme analysis  women.       
34444527, COVID-19  Movement Control Order  communications  lockdown  pandemic  public health measures.       
34444528, computer vision  construction hazard recognition (CHR)  construction safety  temporal qualitative comparative analysis (TQCA)  visual patterns.       
34444529, bisphosphonates  hip fractures  hospitalization  osteoporosis.       
34444530, activities of daily living  depressive symptom  instrumental activities of daily living  physical function  suicidal ideation.       
34444532, botulinum toxin  chronic pelvic pain  dyspareunia  surface electromyography.       
34444533, depressive symptomatology  euthanasia  suicidal ideation  suicide  suicide risk factors  terminally ill people’s euthanasia.       
34444534, STAI  anxiety  nutrition habits  social support.       
34444536, national survey on drug use and health  poverty  religion  social determinants of health  suicidal thoughts  suicide  young adults.       
34444537, business and administrative loss cost  compensation cost  fatality loss  framework  productivity loss cost.       
34444540, cognition  depression  elderly  frailty  music therapy  physical fitness.       
34444542, academic impact  altmetrics  health  healthcare  lean six sigma  meta-analysis  six sigma.       
34444544, Korean Welfare Panel Study  Korean adults  alcohol use behavior  growth mixture modeling  latent class growth analysis.       
34444545, China  agricultural NPS pollution  scale efficiency  spatial effect.       
34444546, pediatric  respiratory disease  wildfire.       
34444548, anxiety  dental  depression  medically compromised patients  psychology.       
34444550, hard-to-reach groups  health inequities  health-related behaviours  healthcare use  social determinants of health  urban health.       
34444551, big data  maternal diet data  postpartum depression  postpartum obesity  self-esteem  stress.       
34444554, 24 h urinary excretion  Hungary  elderly  potassium  salt  sodium.       
34444556, ICU  critical illness  delirium  thiamine.       
34444557, chronic liver diseases  financial crisis  inequalities  liver cirrhosis  mortality  urban areas.       
34444558, @RISK  chloramphenicol  dietary exposure  residue  risk assessment.       
34444560, automation  flood mitigation  geographic information system  land cover  peak flow  permeable surfaces  rational method  urban runoff.       
34444561, COVID-19  emergency department  healthcare  process improvement  systematic review.       
34444562, Bayesian monitoring  futility rules  interim analysis  posterior and predictive probabilities  stopping boundaries.       
34444563, active mobility  crossing indicators  level of service analysis  pedestrian safety  public health  urban crosswalk evaluation  walking.       
34444564, military operations  non-invasive methods  occupational health  physiological variables  stressors.       
34444566, EQ-5D-5L  HRQoL  cardiovascular  diabetes  health economics  utility measures.       
34444567, breast cancer  cancer care  cancer patient pathways  colorectal cancer  coordination  integrated care pathways  ovarian cancer.       
34444568, COVID-19  access to resources  beneficence  bioethics  non-maleficence  patient autonomy  social support.       
34444569, TikTok use disorder  anxiety  depression  digit span  stress.       
34444571, alcohol  community-based intervention  participatory research  pre-intervention.       
34444572, medication regimen complexity  older adults  pharmacist  systematic review.       
